t_ns_from_first_record,kind,name,arg_or_seq,uptime_ms
99621119,heartbeat,,0,100
199620087,heartbeat,,1,200
299621050,heartbeat,,2,300
399619787,heartbeat,,3,400
499619825,heartbeat,,4,500
599621581,heartbeat,,5,600
699620087,heartbeat,,6,700
799620100,heartbeat,,7,800
899623331,heartbeat,,8,900
999628625,heartbeat,,9,1000
1012190856,marker,PATH_MRM_EMERGENCY_STOP_OPERATOR_ON_TIMER_ENTRY,1,
1012202937,marker,PUB_MRM_EMERGENCY_STOP_OPERATOR_EMERGENCY_CONTROL_CMD,1,
1012765231,marker,PUB_MRM_EMERGENCY_STOP_OPERATOR_STATUS,1,
1013350644,marker,PATH_MRM_EMERGENCY_STOP_OPERATOR_ON_TIMER_EXIT,1,
1013413681,marker,PATH_MRM_COMFORTABLE_STOP_OPERATOR_ON_TIMER_ENTRY,1,
1013436844,marker,PUB_MRM_COMFORTABLE_STOP_OPERATOR_STATUS,1,
1014023137,marker,PATH_MRM_COMFORTABLE_STOP_OPERATOR_ON_TIMER_EXIT,1,
1014086431,marker,PATH_STOP_MODE_OPERATOR_ON_TIMER_ENTRY,0,
1014131356,marker,PUB_STOP_MODE_OPERATOR_CONTROL,0,
1014377594,marker,PUB_STOP_MODE_OPERATOR_GEAR,0,
1014583656,marker,PUB_STOP_MODE_OPERATOR_TURN_INDICATORS,1,
1014780769,marker,PUB_STOP_MODE_OPERATOR_HAZARD_LIGHTS,1,
1014972981,marker,PATH_STOP_MODE_OPERATOR_ON_TIMER_EXIT,0,
1015029644,marker,PATH_MRM_HANDLER_ON_TIMER_ENTRY,1,
1015052144,marker,PATH_MRM_HANDLER_ON_TIMER_EXIT,0,
1021216631,marker,TAKE_MRM_HANDLER_OPERATION_MODE_AVAILABILITY,1,
1037668806,marker,PATH_MRM_EMERGENCY_STOP_OPERATOR_ON_TIMER_ENTRY,1,
1037675269,marker,PUB_MRM_EMERGENCY_STOP_OPERATOR_EMERGENCY_CONTROL_CMD,1,
1037891644,marker,PUB_MRM_EMERGENCY_STOP_OPERATOR_STATUS,1,
1038124862,marker,PATH_MRM_EMERGENCY_STOP_OPERATOR_ON_TIMER_EXIT,1,
1038135137,marker,PATH_STOP_MODE_OPERATOR_ON_TIMER_ENTRY,0,
1038155300,marker,PUB_STOP_MODE_OPERATOR_CONTROL,0,
1038251612,marker,PUB_STOP_MODE_OPERATOR_GEAR,0,
1038331262,marker,PUB_STOP_MODE_OPERATOR_TURN_INDICATORS,1,
1038410319,marker,PUB_STOP_MODE_OPERATOR_HAZARD_LIGHTS,1,
1038482981,marker,PATH_STOP_MODE_OPERATOR_ON_TIMER_EXIT,0,
1039880731,marker,PATH_MRM_COMFORTABLE_STOP_OPERATOR_ON_TIMER_ENTRY,1,
1039912687,marker,PUB_MRM_COMFORTABLE_STOP_OPERATOR_STATUS,1,
1040585644,marker,PATH_MRM_COMFORTABLE_STOP_OPERATOR_ON_TIMER_EXIT,1,
1040768056,marker,PATH_MRM_HANDLER_ON_TIMER_ENTRY,1,
1040844881,marker,PUB_MRM_HANDLER_MRM_STATE,65537,
1041072112,marker,PUB_MRM_HANDLER_TURN_INDICATORS_CMD,1,
1041288112,marker,PUB_MRM_HANDLER_HAZARD_LIGHTS_CMD,2,
1041504219,marker,PUB_MRM_HANDLER_GEAR_CMD_OUT,2,
1041721675,marker,PUB_MRM_HANDLER_EMERGENCY_HOLDING,0,
1041918825,marker,PATH_MRM_HANDLER_ON_TIMER_EXIT,1,
1069762431,marker,PATH_MRM_EMERGENCY_STOP_OPERATOR_ON_TIMER_ENTRY,1,
1069782575,marker,PUB_MRM_EMERGENCY_STOP_OPERATOR_EMERGENCY_CONTROL_CMD,1,
1070422837,marker,PUB_MRM_EMERGENCY_STOP_OPERATOR_STATUS,1,
1071085725,marker,PATH_MRM_EMERGENCY_STOP_OPERATOR_ON_TIMER_EXIT,1,
1071108437,marker,PATH_STOP_MODE_OPERATOR_ON_TIMER_ENTRY,0,
1071169562,marker,PUB_STOP_MODE_OPERATOR_CONTROL,0,
1071440750,marker,PUB_STOP_MODE_OPERATOR_GEAR,0,
1071668606,marker,PUB_STOP_MODE_OPERATOR_TURN_INDICATORS,1,
1071896737,marker,PUB_STOP_MODE_OPERATOR_HAZARD_LIGHTS,1,
1072104544,marker,PATH_STOP_MODE_OPERATOR_ON_TIMER_EXIT,0,
1098807906,marker,TAKE_MRM_HANDLER_OPERATION_MODE_AVAILABILITY,1,
1099623200,heartbeat,,10,1100
1101866844,marker,PATH_MRM_EMERGENCY_STOP_OPERATOR_ON_TIMER_ENTRY,1,
1101879637,marker,PUB_MRM_EMERGENCY_STOP_OPERATOR_EMERGENCY_CONTROL_CMD,1,
1102506187,marker,PUB_MRM_EMERGENCY_STOP_OPERATOR_STATUS,1,
1103176712,marker,PATH_MRM_EMERGENCY_STOP_OPERATOR_ON_TIMER_EXIT,1,
1103395969,marker,PATH_STOP_MODE_OPERATOR_ON_TIMER_ENTRY,0,
1103450062,marker,PUB_STOP_MODE_OPERATOR_CONTROL,0,
1103728956,marker,PUB_STOP_MODE_OPERATOR_GEAR,0,
1103957137,marker,PUB_STOP_MODE_OPERATOR_TURN_INDICATORS,1,
1104184737,marker,PUB_STOP_MODE_OPERATOR_HAZARD_LIGHTS,1,
1104390569,marker,PATH_STOP_MODE_OPERATOR_ON_TIMER_EXIT,0,
1136667737,marker,PATH_MRM_EMERGENCY_STOP_OPERATOR_ON_TIMER_ENTRY,1,
1136674562,marker,PUB_MRM_EMERGENCY_STOP_OPERATOR_EMERGENCY_CONTROL_CMD,1,
1136895462,marker,PUB_MRM_EMERGENCY_STOP_OPERATOR_STATUS,1,
1137128637,marker,PATH_MRM_EMERGENCY_STOP_OPERATOR_ON_TIMER_EXIT,1,
1137138881,marker,PATH_STOP_MODE_OPERATOR_ON_TIMER_ENTRY,0,
1137159344,marker,PUB_STOP_MODE_OPERATOR_CONTROL,0,
1137256687,marker,PUB_STOP_MODE_OPERATOR_GEAR,0,
1137336119,marker,PUB_STOP_MODE_OPERATOR_TURN_INDICATORS,1,
1137415594,marker,PUB_STOP_MODE_OPERATOR_HAZARD_LIGHTS,1,
1137489331,marker,PATH_STOP_MODE_OPERATOR_ON_TIMER_EXIT,0,
1139882125,marker,PATH_MRM_COMFORTABLE_STOP_OPERATOR_ON_TIMER_ENTRY,1,
1139914100,marker,PUB_MRM_COMFORTABLE_STOP_OPERATOR_STATUS,1,
1140529069,marker,PATH_MRM_COMFORTABLE_STOP_OPERATOR_ON_TIMER_EXIT,1,
1140592756,marker,PATH_MRM_HANDLER_ON_TIMER_ENTRY,1,
1140620400,marker,PUB_MRM_HANDLER_MRM_STATE,65537,
1140702700,marker,PUB_MRM_HANDLER_TURN_INDICATORS_CMD,0,
1140781294,marker,PUB_MRM_HANDLER_HAZARD_LIGHTS_CMD,0,
1140859031,marker,PUB_MRM_HANDLER_GEAR_CMD_OUT,2,
1140937000,marker,PUB_MRM_HANDLER_EMERGENCY_HOLDING,0,
1141008737,marker,PATH_MRM_HANDLER_ON_TIMER_EXIT,1,
1151955094,marker,TAKE_MRM_HANDLER_OPERATION_MODE_AVAILABILITY,1,
1168668544,marker,PATH_MRM_EMERGENCY_STOP_OPERATOR_ON_TIMER_ENTRY,1,
1168675175,marker,PUB_MRM_EMERGENCY_STOP_OPERATOR_EMERGENCY_CONTROL_CMD,1,
1168891281,marker,PUB_MRM_EMERGENCY_STOP_OPERATOR_STATUS,1,
1169124400,marker,PATH_MRM_EMERGENCY_STOP_OPERATOR_ON_TIMER_EXIT,1,
1169134775,marker,PATH_STOP_MODE_OPERATOR_ON_TIMER_ENTRY,0,
1169155306,marker,PUB_STOP_MODE_OPERATOR_CONTROL,0,
1169252019,marker,PUB_STOP_MODE_OPERATOR_GEAR,0,
1169332937,marker,PUB_STOP_MODE_OPERATOR_TURN_INDICATORS,1,
1169412487,marker,PUB_STOP_MODE_OPERATOR_HAZARD_LIGHTS,1,
1169486006,marker,PATH_STOP_MODE_OPERATOR_ON_TIMER_EXIT,0,
1199621312,heartbeat,,11,1200
1201666412,marker,PATH_MRM_EMERGENCY_STOP_OPERATOR_ON_TIMER_ENTRY,1,
1201672831,marker,PUB_MRM_EMERGENCY_STOP_OPERATOR_EMERGENCY_CONTROL_CMD,1,
1201891812,marker,PUB_MRM_EMERGENCY_STOP_OPERATOR_STATUS,1,
1202125769,marker,PATH_MRM_EMERGENCY_STOP_OPERATOR_ON_TIMER_EXIT,1,
1202135744,marker,PATH_STOP_MODE_OPERATOR_ON_TIMER_ENTRY,0,
1202155650,marker,PUB_STOP_MODE_OPERATOR_CONTROL,0,
1202251887,marker,PUB_STOP_MODE_OPERATOR_GEAR,0,
1202334081,marker,PUB_STOP_MODE_OPERATOR_TURN_INDICATORS,1,
1202414550,marker,PUB_STOP_MODE_OPERATOR_HAZARD_LIGHTS,1,
1202489337,marker,PATH_STOP_MODE_OPERATOR_ON_TIMER_EXIT,0,
1235778550,marker,PATH_MRM_EMERGENCY_STOP_OPERATOR_ON_TIMER_ENTRY,1,
1235797975,marker,PUB_MRM_EMERGENCY_STOP_OPERATOR_EMERGENCY_CONTROL_CMD,1,
1236439756,marker,PUB_MRM_EMERGENCY_STOP_OPERATOR_STATUS,1,
1236852644,marker,PATH_MRM_EMERGENCY_STOP_OPERATOR_ON_TIMER_EXIT,1,
1236863037,marker,PATH_STOP_MODE_OPERATOR_ON_TIMER_ENTRY,0,
1236883969,marker,PUB_STOP_MODE_OPERATOR_CONTROL,0,
1236981269,marker,PUB_STOP_MODE_OPERATOR_GEAR,0,
1237061650,marker,PUB_STOP_MODE_OPERATOR_TURN_INDICATORS,1,
1237142831,marker,PUB_STOP_MODE_OPERATOR_HAZARD_LIGHTS,1,
1237216862,marker,PATH_STOP_MODE_OPERATOR_ON_TIMER_EXIT,0,
1238266950,marker,PATH_MRM_COMFORTABLE_STOP_OPERATOR_ON_TIMER_ENTRY,1,
1238279406,marker,PUB_MRM_COMFORTABLE_STOP_OPERATOR_STATUS,1,
1238515956,marker,PATH_MRM_COMFORTABLE_STOP_OPERATOR_ON_TIMER_EXIT,1,
1238579250,marker,PATH_MRM_HANDLER_ON_TIMER_ENTRY,1,
1238607087,marker,PUB_MRM_HANDLER_MRM_STATE,65537,
1238689700,marker,PUB_MRM_HANDLER_TURN_INDICATORS_CMD,0,
1238767994,marker,PUB_MRM_HANDLER_HAZARD_LIGHTS_CMD,0,
1238845275,marker,PUB_MRM_HANDLER_GEAR_CMD_OUT,2,
1238922075,marker,PUB_MRM_HANDLER_EMERGENCY_HOLDING,0,
1238994881,marker,PATH_MRM_HANDLER_ON_TIMER_EXIT,1,
1251307525,marker,TAKE_MRM_HANDLER_OPERATION_MODE_AVAILABILITY,1,
1266831937,marker,PATH_MRM_EMERGENCY_STOP_OPERATOR_ON_TIMER_ENTRY,1,
1266837862,marker,PUB_MRM_EMERGENCY_STOP_OPERATOR_EMERGENCY_CONTROL_CMD,1,
1267052906,marker,PUB_MRM_EMERGENCY_STOP_OPERATOR_STATUS,1,
1267285650,marker,PATH_MRM_EMERGENCY_STOP_OPERATOR_ON_TIMER_EXIT,1,
1267361481,marker,PATH_STOP_MODE_OPERATOR_ON_TIMER_ENTRY,0,
1267380544,marker,PUB_STOP_MODE_OPERATOR_CONTROL,0,
1267478800,marker,PUB_STOP_MODE_OPERATOR_GEAR,0,
1267560112,marker,PUB_STOP_MODE_OPERATOR_TURN_INDICATORS,1,
1267640075,marker,PUB_STOP_MODE_OPERATOR_HAZARD_LIGHTS,1,
1267714194,marker,PATH_STOP_MODE_OPERATOR_ON_TIMER_EXIT,0,
1299621344,heartbeat,,12,1300
1301666294,marker,PATH_MRM_EMERGENCY_STOP_OPERATOR_ON_TIMER_ENTRY,1,
1301672187,marker,PUB_MRM_EMERGENCY_STOP_OPERATOR_EMERGENCY_CONTROL_CMD,1,
1301890469,marker,PUB_MRM_EMERGENCY_STOP_OPERATOR_STATUS,1,
1302124475,marker,PATH_MRM_EMERGENCY_STOP_OPERATOR_ON_TIMER_EXIT,1,
1302134487,marker,PATH_STOP_MODE_OPERATOR_ON_TIMER_ENTRY,0,
1302155287,marker,PUB_STOP_MODE_OPERATOR_CONTROL,0,
1302253412,marker,PUB_STOP_MODE_OPERATOR_GEAR,0,
1302333437,marker,PUB_STOP_MODE_OPERATOR_TURN_INDICATORS,1,
1302414025,marker,PUB_STOP_MODE_OPERATOR_HAZARD_LIGHTS,1,
1302488725,marker,PATH_STOP_MODE_OPERATOR_ON_TIMER_EXIT,0,
1335134569,marker,PATH_MRM_EMERGENCY_STOP_OPERATOR_ON_TIMER_ENTRY,1,
1335154269,marker,PUB_MRM_EMERGENCY_STOP_OPERATOR_EMERGENCY_CONTROL_CMD,1,
1335792962,marker,PUB_MRM_EMERGENCY_STOP_OPERATOR_STATUS,1,
1336455894,marker,PATH_MRM_EMERGENCY_STOP_OPERATOR_ON_TIMER_EXIT,1,
1336485519,marker,PATH_STOP_MODE_OPERATOR_ON_TIMER_ENTRY,0,
1336540525,marker,PUB_STOP_MODE_OPERATOR_CONTROL,0,
1336681537,marker,PUB_STOP_MODE_OPERATOR_GEAR,0,
1336763775,marker,PUB_STOP_MODE_OPERATOR_TURN_INDICATORS,1,
1336844131,marker,PUB_STOP_MODE_OPERATOR_HAZARD_LIGHTS,1,
1336917612,marker,PATH_STOP_MODE_OPERATOR_ON_TIMER_EXIT,0,
1339009544,marker,PATH_MRM_COMFORTABLE_STOP_OPERATOR_ON_TIMER_ENTRY,1,
1339021581,marker,PUB_MRM_COMFORTABLE_STOP_OPERATOR_STATUS,1,
1339259050,marker,PATH_MRM_COMFORTABLE_STOP_OPERATOR_ON_TIMER_EXIT,1,
1339323037,marker,PATH_MRM_HANDLER_ON_TIMER_ENTRY,1,
1339350250,marker,PUB_MRM_HANDLER_MRM_STATE,65537,
1339432081,marker,PUB_MRM_HANDLER_TURN_INDICATORS_CMD,0,
1339509606,marker,PUB_MRM_HANDLER_HAZARD_LIGHTS_CMD,0,
1339587369,marker,PUB_MRM_HANDLER_GEAR_CMD_OUT,2,
1339664381,marker,PUB_MRM_HANDLER_EMERGENCY_HOLDING,0,
1339736794,marker,PATH_MRM_HANDLER_ON_TIMER_EXIT,1,
1351682231,marker,TAKE_MRM_HANDLER_OPERATION_MODE_AVAILABILITY,1,
1366667481,marker,PATH_MRM_EMERGENCY_STOP_OPERATOR_ON_TIMER_ENTRY,1,
1366674487,marker,PUB_MRM_EMERGENCY_STOP_OPERATOR_EMERGENCY_CONTROL_CMD,1,
1366891419,marker,PUB_MRM_EMERGENCY_STOP_OPERATOR_STATUS,1,
1367190194,marker,PATH_MRM_EMERGENCY_STOP_OPERATOR_ON_TIMER_EXIT,1,
1367213250,marker,PATH_STOP_MODE_OPERATOR_ON_TIMER_ENTRY,0,
1367268475,marker,PUB_STOP_MODE_OPERATOR_CONTROL,0,
1367558475,marker,PUB_STOP_MODE_OPERATOR_GEAR,0,
1367788212,marker,PUB_STOP_MODE_OPERATOR_TURN_INDICATORS,1,
1368015712,marker,PUB_STOP_MODE_OPERATOR_HAZARD_LIGHTS,1,
1368229444,marker,PATH_STOP_MODE_OPERATOR_ON_TIMER_EXIT,0,
1399625631,heartbeat,,13,1400
1399801112,marker,PATH_MRM_EMERGENCY_STOP_OPERATOR_ON_TIMER_ENTRY,1,
1399814031,marker,PUB_MRM_EMERGENCY_STOP_OPERATOR_EMERGENCY_CONTROL_CMD,1,
1400451044,marker,PUB_MRM_EMERGENCY_STOP_OPERATOR_STATUS,1,
1401114644,marker,PATH_MRM_EMERGENCY_STOP_OPERATOR_ON_TIMER_EXIT,1,
1401144925,marker,PATH_STOP_MODE_OPERATOR_ON_TIMER_ENTRY,0,
1401199412,marker,PUB_STOP_MODE_OPERATOR_CONTROL,0,
1401480031,marker,PUB_STOP_MODE_OPERATOR_GEAR,0,
1401710062,marker,PUB_STOP_MODE_OPERATOR_TURN_INDICATORS,1,
1401945231,marker,PUB_STOP_MODE_OPERATOR_HAZARD_LIGHTS,1,
1402153219,marker,PATH_STOP_MODE_OPERATOR_ON_TIMER_EXIT,0,
1432772769,marker,PATH_MRM_EMERGENCY_STOP_OPERATOR_ON_TIMER_ENTRY,1,
1432786131,marker,PUB_MRM_EMERGENCY_STOP_OPERATOR_EMERGENCY_CONTROL_CMD,1,
1433422244,marker,PUB_MRM_EMERGENCY_STOP_OPERATOR_STATUS,1,
1434086287,marker,PATH_MRM_EMERGENCY_STOP_OPERATOR_ON_TIMER_EXIT,1,
1434116056,marker,PATH_STOP_MODE_OPERATOR_ON_TIMER_ENTRY,0,
1434171225,marker,PUB_STOP_MODE_OPERATOR_CONTROL,0,
1434453737,marker,PUB_STOP_MODE_OPERATOR_GEAR,0,
1434689925,marker,PUB_STOP_MODE_OPERATOR_TURN_INDICATORS,1,
1434909681,marker,PUB_STOP_MODE_OPERATOR_HAZARD_LIGHTS,1,
1435123894,marker,PATH_STOP_MODE_OPERATOR_ON_TIMER_EXIT,0,
1438108019,marker,PATH_MRM_COMFORTABLE_STOP_OPERATOR_ON_TIMER_ENTRY,1,
1438119556,marker,PUB_MRM_COMFORTABLE_STOP_OPERATOR_STATUS,1,
1438356319,marker,PATH_MRM_COMFORTABLE_STOP_OPERATOR_ON_TIMER_EXIT,1,
1438420562,marker,PATH_MRM_HANDLER_ON_TIMER_ENTRY,1,
1438448537,marker,PUB_MRM_HANDLER_MRM_STATE,65537,
1438531462,marker,PUB_MRM_HANDLER_TURN_INDICATORS_CMD,0,
1438610462,marker,PUB_MRM_HANDLER_HAZARD_LIGHTS_CMD,0,
1438689062,marker,PUB_MRM_HANDLER_GEAR_CMD_OUT,2,
1438766244,marker,PUB_MRM_HANDLER_EMERGENCY_HOLDING,0,
1438838381,marker,PATH_MRM_HANDLER_ON_TIMER_EXIT,1,
1450733175,marker,TAKE_MRM_HANDLER_OPERATION_MODE_AVAILABILITY,1,
1465666769,marker,PATH_MRM_EMERGENCY_STOP_OPERATOR_ON_TIMER_ENTRY,1,
1465673587,marker,PUB_MRM_EMERGENCY_STOP_OPERATOR_EMERGENCY_CONTROL_CMD,1,
1465895537,marker,PUB_MRM_EMERGENCY_STOP_OPERATOR_STATUS,1,
1466129662,marker,PATH_MRM_EMERGENCY_STOP_OPERATOR_ON_TIMER_EXIT,1,
1466139844,marker,PATH_STOP_MODE_OPERATOR_ON_TIMER_ENTRY,0,
1466160062,marker,PUB_STOP_MODE_OPERATOR_CONTROL,0,
1466257419,marker,PUB_STOP_MODE_OPERATOR_GEAR,0,
1466339456,marker,PUB_STOP_MODE_OPERATOR_TURN_INDICATORS,1,
1466419944,marker,PUB_STOP_MODE_OPERATOR_HAZARD_LIGHTS,1,
1466494131,marker,PATH_STOP_MODE_OPERATOR_ON_TIMER_EXIT,0,
1498743694,marker,PATH_MRM_EMERGENCY_STOP_OPERATOR_ON_TIMER_ENTRY,1,
1498749725,marker,PUB_MRM_EMERGENCY_STOP_OPERATOR_EMERGENCY_CONTROL_CMD,1,
1498970362,marker,PUB_MRM_EMERGENCY_STOP_OPERATOR_STATUS,1,
1499204887,marker,PATH_MRM_EMERGENCY_STOP_OPERATOR_ON_TIMER_EXIT,1,
1499247012,marker,PATH_STOP_MODE_OPERATOR_ON_TIMER_ENTRY,0,
1499267194,marker,PUB_STOP_MODE_OPERATOR_CONTROL,0,
1499365400,marker,PUB_STOP_MODE_OPERATOR_GEAR,0,
1499446981,marker,PUB_STOP_MODE_OPERATOR_TURN_INDICATORS,1,
1499526919,marker,PUB_STOP_MODE_OPERATOR_HAZARD_LIGHTS,1,
1499601412,marker,PATH_STOP_MODE_OPERATOR_ON_TIMER_EXIT,0,
1499623019,heartbeat,,14,1500
1531766400,marker,PATH_MRM_EMERGENCY_STOP_OPERATOR_ON_TIMER_ENTRY,1,
1531779581,marker,PUB_MRM_EMERGENCY_STOP_OPERATOR_EMERGENCY_CONTROL_CMD,1,
1532407300,marker,PUB_MRM_EMERGENCY_STOP_OPERATOR_STATUS,1,
1533077581,marker,PATH_MRM_EMERGENCY_STOP_OPERATOR_ON_TIMER_EXIT,1,
1533101169,marker,PATH_STOP_MODE_OPERATOR_ON_TIMER_ENTRY,0,
1533155244,marker,PUB_STOP_MODE_OPERATOR_CONTROL,0,
1533436462,marker,PUB_STOP_MODE_OPERATOR_GEAR,0,
1533663987,marker,PUB_STOP_MODE_OPERATOR_TURN_INDICATORS,1,
1533890362,marker,PUB_STOP_MODE_OPERATOR_HAZARD_LIGHTS,1,
1534096394,marker,PATH_STOP_MODE_OPERATOR_ON_TIMER_EXIT,0,
1538072831,marker,PATH_MRM_COMFORTABLE_STOP_OPERATOR_ON_TIMER_ENTRY,1,
1538084744,marker,PUB_MRM_COMFORTABLE_STOP_OPERATOR_STATUS,1,
1538323081,marker,PATH_MRM_COMFORTABLE_STOP_OPERATOR_ON_TIMER_EXIT,1,
1538386869,marker,PATH_MRM_HANDLER_ON_TIMER_ENTRY,1,
1538414444,marker,PUB_MRM_HANDLER_MRM_STATE,65537,
1538496981,marker,PUB_MRM_HANDLER_TURN_INDICATORS_CMD,0,
1538575656,marker,PUB_MRM_HANDLER_HAZARD_LIGHTS_CMD,0,
1538652694,marker,PUB_MRM_HANDLER_GEAR_CMD_OUT,2,
1538729950,marker,PUB_MRM_HANDLER_EMERGENCY_HOLDING,0,
1538802644,marker,PATH_MRM_HANDLER_ON_TIMER_EXIT,1,
1554344450,marker,TAKE_MRM_HANDLER_OPERATION_MODE_AVAILABILITY,1,
1564667500,marker,PATH_MRM_EMERGENCY_STOP_OPERATOR_ON_TIMER_ENTRY,1,
1564674194,marker,PUB_MRM_EMERGENCY_STOP_OPERATOR_EMERGENCY_CONTROL_CMD,1,
1564893081,marker,PUB_MRM_EMERGENCY_STOP_OPERATOR_STATUS,1,
1565128106,marker,PATH_MRM_EMERGENCY_STOP_OPERATOR_ON_TIMER_EXIT,1,
1565138225,marker,PATH_STOP_MODE_OPERATOR_ON_TIMER_ENTRY,0,
1565159012,marker,PUB_STOP_MODE_OPERATOR_CONTROL,0,
1565256331,marker,PUB_STOP_MODE_OPERATOR_GEAR,0,
1565336481,marker,PUB_STOP_MODE_OPERATOR_TURN_INDICATORS,1,
1565416156,marker,PUB_STOP_MODE_OPERATOR_HAZARD_LIGHTS,1,
1565490175,marker,PATH_STOP_MODE_OPERATOR_ON_TIMER_EXIT,0,
1597666850,marker,PATH_MRM_EMERGENCY_STOP_OPERATOR_ON_TIMER_ENTRY,1,
1597673625,marker,PUB_MRM_EMERGENCY_STOP_OPERATOR_EMERGENCY_CONTROL_CMD,1,
1597891150,marker,PUB_MRM_EMERGENCY_STOP_OPERATOR_STATUS,1,
1598125406,marker,PATH_MRM_EMERGENCY_STOP_OPERATOR_ON_TIMER_EXIT,1,
1598135450,marker,PATH_STOP_MODE_OPERATOR_ON_TIMER_ENTRY,0,
1598156119,marker,PUB_STOP_MODE_OPERATOR_CONTROL,0,
1598254562,marker,PUB_STOP_MODE_OPERATOR_GEAR,0,
1598334800,marker,PUB_STOP_MODE_OPERATOR_TURN_INDICATORS,1,
1598414187,marker,PUB_STOP_MODE_OPERATOR_HAZARD_LIGHTS,1,
1598488587,marker,PATH_STOP_MODE_OPERATOR_ON_TIMER_EXIT,0,
1599621737,heartbeat,,15,1600
1631783481,marker,PATH_MRM_EMERGENCY_STOP_OPERATOR_ON_TIMER_ENTRY,1,
1631803331,marker,PUB_MRM_EMERGENCY_STOP_OPERATOR_EMERGENCY_CONTROL_CMD,1,
1632434181,marker,PUB_MRM_EMERGENCY_STOP_OPERATOR_STATUS,1,
1633103081,marker,PATH_MRM_EMERGENCY_STOP_OPERATOR_ON_TIMER_EXIT,1,
1633126194,marker,PATH_STOP_MODE_OPERATOR_ON_TIMER_ENTRY,0,
1633180200,marker,PUB_STOP_MODE_OPERATOR_CONTROL,0,
1633460475,marker,PUB_STOP_MODE_OPERATOR_GEAR,0,
1633689987,marker,PUB_STOP_MODE_OPERATOR_TURN_INDICATORS,1,
1633926687,marker,PUB_STOP_MODE_OPERATOR_HAZARD_LIGHTS,1,
1634132812,marker,PATH_STOP_MODE_OPERATOR_ON_TIMER_EXIT,0,
1638064069,marker,PATH_MRM_COMFORTABLE_STOP_OPERATOR_ON_TIMER_ENTRY,1,
1638076387,marker,PUB_MRM_COMFORTABLE_STOP_OPERATOR_STATUS,1,
1638313994,marker,PATH_MRM_COMFORTABLE_STOP_OPERATOR_ON_TIMER_EXIT,1,
1638378406,marker,PATH_MRM_HANDLER_ON_TIMER_ENTRY,1,
1638406119,marker,PUB_MRM_HANDLER_MRM_STATE,65537,
1638487294,marker,PUB_MRM_HANDLER_TURN_INDICATORS_CMD,0,
1638566912,marker,PUB_MRM_HANDLER_HAZARD_LIGHTS_CMD,0,
1638644587,marker,PUB_MRM_HANDLER_GEAR_CMD_OUT,2,
1638722375,marker,PUB_MRM_HANDLER_EMERGENCY_HOLDING,0,
1638794362,marker,PATH_MRM_HANDLER_ON_TIMER_EXIT,1,
1652347644,marker,TAKE_MRM_HANDLER_OPERATION_MODE_AVAILABILITY,1,
1662762144,marker,PATH_MRM_EMERGENCY_STOP_OPERATOR_ON_TIMER_ENTRY,1,
1662781606,marker,PUB_MRM_EMERGENCY_STOP_OPERATOR_EMERGENCY_CONTROL_CMD,1,
1663422719,marker,PUB_MRM_EMERGENCY_STOP_OPERATOR_STATUS,1,
1664094469,marker,PATH_MRM_EMERGENCY_STOP_OPERATOR_ON_TIMER_EXIT,1,
1664124581,marker,PATH_STOP_MODE_OPERATOR_ON_TIMER_ENTRY,0,
1664180075,marker,PUB_STOP_MODE_OPERATOR_CONTROL,0,
1664459087,marker,PUB_STOP_MODE_OPERATOR_GEAR,0,
1664687056,marker,PUB_STOP_MODE_OPERATOR_TURN_INDICATORS,1,
1664916462,marker,PUB_STOP_MODE_OPERATOR_HAZARD_LIGHTS,1,
1665130556,marker,PATH_STOP_MODE_OPERATOR_ON_TIMER_EXIT,0,
1696667650,marker,PATH_MRM_EMERGENCY_STOP_OPERATOR_ON_TIMER_ENTRY,1,
1696674737,marker,PUB_MRM_EMERGENCY_STOP_OPERATOR_EMERGENCY_CONTROL_CMD,1,
1696891719,marker,PUB_MRM_EMERGENCY_STOP_OPERATOR_STATUS,1,
1697127875,marker,PATH_MRM_EMERGENCY_STOP_OPERATOR_ON_TIMER_EXIT,1,
1697138287,marker,PATH_STOP_MODE_OPERATOR_ON_TIMER_ENTRY,0,
1697159412,marker,PUB_STOP_MODE_OPERATOR_CONTROL,0,
1697257131,marker,PUB_STOP_MODE_OPERATOR_GEAR,0,
1697338950,marker,PUB_STOP_MODE_OPERATOR_TURN_INDICATORS,1,
1697419319,marker,PUB_STOP_MODE_OPERATOR_HAZARD_LIGHTS,1,
1697493087,marker,PATH_STOP_MODE_OPERATOR_ON_TIMER_EXIT,0,
1699621344,heartbeat,,16,1700
1730667806,marker,PATH_MRM_EMERGENCY_STOP_OPERATOR_ON_TIMER_ENTRY,1,
1730674462,marker,PUB_MRM_EMERGENCY_STOP_OPERATOR_EMERGENCY_CONTROL_CMD,1,
1730893912,marker,PUB_MRM_EMERGENCY_STOP_OPERATOR_STATUS,1,
1731360106,marker,PATH_MRM_EMERGENCY_STOP_OPERATOR_ON_TIMER_EXIT,1,
1731390156,marker,PATH_STOP_MODE_OPERATOR_ON_TIMER_ENTRY,0,
1731445875,marker,PUB_STOP_MODE_OPERATOR_CONTROL,0,
1731735750,marker,PUB_STOP_MODE_OPERATOR_GEAR,0,
1731965650,marker,PUB_STOP_MODE_OPERATOR_TURN_INDICATORS,1,
1732200994,marker,PUB_STOP_MODE_OPERATOR_HAZARD_LIGHTS,1,
1732408131,marker,PATH_STOP_MODE_OPERATOR_ON_TIMER_EXIT,0,
1738126094,marker,PATH_MRM_COMFORTABLE_STOP_OPERATOR_ON_TIMER_ENTRY,1,
1738138587,marker,PUB_MRM_COMFORTABLE_STOP_OPERATOR_STATUS,1,
1738374262,marker,PATH_MRM_COMFORTABLE_STOP_OPERATOR_ON_TIMER_EXIT,1,
1738438281,marker,PATH_MRM_HANDLER_ON_TIMER_ENTRY,1,
1738466506,marker,PUB_MRM_HANDLER_MRM_STATE,65537,
1738547869,marker,PUB_MRM_HANDLER_TURN_INDICATORS_CMD,0,
1738626744,marker,PUB_MRM_HANDLER_HAZARD_LIGHTS_CMD,0,
1738704487,marker,PUB_MRM_HANDLER_GEAR_CMD_OUT,2,
1738780831,marker,PUB_MRM_HANDLER_EMERGENCY_HOLDING,0,
1738852350,marker,PATH_MRM_HANDLER_ON_TIMER_EXIT,1,
1752188687,marker,TAKE_MRM_HANDLER_OPERATION_MODE_AVAILABILITY,1,
1761765375,marker,PATH_MRM_EMERGENCY_STOP_OPERATOR_ON_TIMER_ENTRY,1,
1761771469,marker,PUB_MRM_EMERGENCY_STOP_OPERATOR_EMERGENCY_CONTROL_CMD,1,
1761989000,marker,PUB_MRM_EMERGENCY_STOP_OPERATOR_STATUS,1,
1762223175,marker,PATH_MRM_EMERGENCY_STOP_OPERATOR_ON_TIMER_EXIT,1,
1762265062,marker,PATH_STOP_MODE_OPERATOR_ON_TIMER_ENTRY,0,
1762285500,marker,PUB_STOP_MODE_OPERATOR_CONTROL,0,
1762382250,marker,PUB_STOP_MODE_OPERATOR_GEAR,0,
1762464962,marker,PUB_STOP_MODE_OPERATOR_TURN_INDICATORS,1,
1762545731,marker,PUB_STOP_MODE_OPERATOR_HAZARD_LIGHTS,1,
1762619619,marker,PATH_STOP_MODE_OPERATOR_ON_TIMER_EXIT,0,
1795664412,marker,PATH_MRM_EMERGENCY_STOP_OPERATOR_ON_TIMER_ENTRY,1,
1795671344,marker,PUB_MRM_EMERGENCY_STOP_OPERATOR_EMERGENCY_CONTROL_CMD,1,
1795894031,marker,PUB_MRM_EMERGENCY_STOP_OPERATOR_STATUS,1,
1796127419,marker,PATH_MRM_EMERGENCY_STOP_OPERATOR_ON_TIMER_EXIT,1,
1796137819,marker,PATH_STOP_MODE_OPERATOR_ON_TIMER_ENTRY,0,
1796158194,marker,PUB_STOP_MODE_OPERATOR_CONTROL,0,
1796255250,marker,PUB_STOP_MODE_OPERATOR_GEAR,0,
1796336700,marker,PUB_STOP_MODE_OPERATOR_TURN_INDICATORS,1,
1796417219,marker,PUB_STOP_MODE_OPERATOR_HAZARD_LIGHTS,1,
1796491281,marker,PATH_STOP_MODE_OPERATOR_ON_TIMER_EXIT,0,
1799621369,heartbeat,,17,1800
1828765212,marker,PATH_MRM_EMERGENCY_STOP_OPERATOR_ON_TIMER_ENTRY,1,
1828784425,marker,PUB_MRM_EMERGENCY_STOP_OPERATOR_EMERGENCY_CONTROL_CMD,1,
1829404269,marker,PUB_MRM_EMERGENCY_STOP_OPERATOR_STATUS,1,
1830065644,marker,PATH_MRM_EMERGENCY_STOP_OPERATOR_ON_TIMER_EXIT,1,
1830095369,marker,PATH_STOP_MODE_OPERATOR_ON_TIMER_ENTRY,0,
1830150469,marker,PUB_STOP_MODE_OPERATOR_CONTROL,0,
1830431081,marker,PUB_STOP_MODE_OPERATOR_GEAR,0,
1830659075,marker,PUB_STOP_MODE_OPERATOR_TURN_INDICATORS,1,
1830887819,marker,PUB_STOP_MODE_OPERATOR_HAZARD_LIGHTS,1,
1831101987,marker,PATH_STOP_MODE_OPERATOR_ON_TIMER_EXIT,0,
1838668306,marker,PATH_MRM_COMFORTABLE_STOP_OPERATOR_ON_TIMER_ENTRY,1,
1838681244,marker,PUB_MRM_COMFORTABLE_STOP_OPERATOR_STATUS,1,
1838920969,marker,PATH_MRM_COMFORTABLE_STOP_OPERATOR_ON_TIMER_EXIT,1,
1838931637,marker,PATH_MRM_HANDLER_ON_TIMER_ENTRY,1,
1838959137,marker,PUB_MRM_HANDLER_MRM_STATE,65537,
1839041306,marker,PUB_MRM_HANDLER_TURN_INDICATORS_CMD,0,
1839120487,marker,PUB_MRM_HANDLER_HAZARD_LIGHTS_CMD,0,
1839275625,marker,PUB_MRM_HANDLER_GEAR_CMD_OUT,2,
1839494375,marker,PUB_MRM_HANDLER_EMERGENCY_HOLDING,0,
1839700144,marker,PATH_MRM_HANDLER_ON_TIMER_EXIT,1,
1851033281,marker,TAKE_MRM_HANDLER_OPERATION_MODE_AVAILABILITY,1,
1861762487,marker,PATH_MRM_EMERGENCY_STOP_OPERATOR_ON_TIMER_ENTRY,1,
1861781825,marker,PUB_MRM_EMERGENCY_STOP_OPERATOR_EMERGENCY_CONTROL_CMD,1,
1862401175,marker,PUB_MRM_EMERGENCY_STOP_OPERATOR_STATUS,1,
1862706719,marker,PATH_MRM_EMERGENCY_STOP_OPERATOR_ON_TIMER_EXIT,1,
1862716600,marker,PATH_STOP_MODE_OPERATOR_ON_TIMER_ENTRY,0,
1862737044,marker,PUB_STOP_MODE_OPERATOR_CONTROL,0,
1862836425,marker,PUB_STOP_MODE_OPERATOR_GEAR,0,
1862918381,marker,PUB_STOP_MODE_OPERATOR_TURN_INDICATORS,1,
1862999125,marker,PUB_STOP_MODE_OPERATOR_HAZARD_LIGHTS,1,
1863073769,marker,PATH_STOP_MODE_OPERATOR_ON_TIMER_EXIT,0,
1895071937,marker,PATH_MRM_EMERGENCY_STOP_OPERATOR_ON_TIMER_ENTRY,1,
1895077912,marker,PUB_MRM_EMERGENCY_STOP_OPERATOR_EMERGENCY_CONTROL_CMD,1,
1895299212,marker,PUB_MRM_EMERGENCY_STOP_OPERATOR_STATUS,1,
1895534200,marker,PATH_MRM_EMERGENCY_STOP_OPERATOR_ON_TIMER_EXIT,1,
1895576094,marker,PATH_STOP_MODE_OPERATOR_ON_TIMER_ENTRY,0,
1895596850,marker,PUB_STOP_MODE_OPERATOR_CONTROL,0,
1895694475,marker,PUB_STOP_MODE_OPERATOR_GEAR,0,
1895775662,marker,PUB_STOP_MODE_OPERATOR_TURN_INDICATORS,1,
1895855731,marker,PUB_STOP_MODE_OPERATOR_HAZARD_LIGHTS,1,
1895930775,marker,PATH_STOP_MODE_OPERATOR_ON_TIMER_EXIT,0,
1899621450,heartbeat,,18,1900
1928667469,marker,PATH_MRM_EMERGENCY_STOP_OPERATOR_ON_TIMER_ENTRY,1,
1928674219,marker,PUB_MRM_EMERGENCY_STOP_OPERATOR_EMERGENCY_CONTROL_CMD,1,
1928889325,marker,PUB_MRM_EMERGENCY_STOP_OPERATOR_STATUS,1,
1929123431,marker,PATH_MRM_EMERGENCY_STOP_OPERATOR_ON_TIMER_EXIT,1,
1929133700,marker,PATH_STOP_MODE_OPERATOR_ON_TIMER_ENTRY,0,
1929155225,marker,PUB_STOP_MODE_OPERATOR_CONTROL,0,
1929253994,marker,PUB_STOP_MODE_OPERATOR_GEAR,0,
1929336262,marker,PUB_STOP_MODE_OPERATOR_TURN_INDICATORS,1,
1929416200,marker,PUB_STOP_MODE_OPERATOR_HAZARD_LIGHTS,1,
1929490875,marker,PATH_STOP_MODE_OPERATOR_ON_TIMER_EXIT,0,
1939175906,marker,PATH_MRM_COMFORTABLE_STOP_OPERATOR_ON_TIMER_ENTRY,1,
1939188187,marker,PUB_MRM_COMFORTABLE_STOP_OPERATOR_STATUS,1,
1939429331,marker,PATH_MRM_COMFORTABLE_STOP_OPERATOR_ON_TIMER_EXIT,1,
1939514244,marker,PATH_MRM_HANDLER_ON_TIMER_ENTRY,1,
1939541606,marker,PUB_MRM_HANDLER_MRM_STATE,65537,
1939623431,marker,PUB_MRM_HANDLER_TURN_INDICATORS_CMD,0,
1939701694,marker,PUB_MRM_HANDLER_HAZARD_LIGHTS_CMD,0,
1939778787,marker,PUB_MRM_HANDLER_GEAR_CMD_OUT,2,
1939856344,marker,PUB_MRM_HANDLER_EMERGENCY_HOLDING,0,
1939928050,marker,PATH_MRM_HANDLER_ON_TIMER_EXIT,1,
1953057962,marker,TAKE_MRM_HANDLER_OPERATION_MODE_AVAILABILITY,1,
1960667156,marker,PATH_MRM_EMERGENCY_STOP_OPERATOR_ON_TIMER_ENTRY,1,
1960673919,marker,PUB_MRM_EMERGENCY_STOP_OPERATOR_EMERGENCY_CONTROL_CMD,1,
1960889994,marker,PUB_MRM_EMERGENCY_STOP_OPERATOR_STATUS,1,
1961125950,marker,PATH_MRM_EMERGENCY_STOP_OPERATOR_ON_TIMER_EXIT,1,
1961136331,marker,PATH_STOP_MODE_OPERATOR_ON_TIMER_ENTRY,0,
1961156656,marker,PUB_STOP_MODE_OPERATOR_CONTROL,0,
1961254737,marker,PUB_STOP_MODE_OPERATOR_GEAR,0,
1961337194,marker,PUB_STOP_MODE_OPERATOR_TURN_INDICATORS,1,
1961417244,marker,PUB_STOP_MODE_OPERATOR_HAZARD_LIGHTS,1,
1961492019,marker,PATH_STOP_MODE_OPERATOR_ON_TIMER_EXIT,0,
1993771419,marker,PATH_MRM_EMERGENCY_STOP_OPERATOR_ON_TIMER_ENTRY,1,
1993784856,marker,PUB_MRM_EMERGENCY_STOP_OPERATOR_EMERGENCY_CONTROL_CMD,1,
1994422844,marker,PUB_MRM_EMERGENCY_STOP_OPERATOR_STATUS,1,
1994755119,marker,PATH_MRM_EMERGENCY_STOP_OPERATOR_ON_TIMER_EXIT,1,
1994765269,marker,PATH_STOP_MODE_OPERATOR_ON_TIMER_ENTRY,0,
1994785844,marker,PUB_STOP_MODE_OPERATOR_CONTROL,0,
1994884506,marker,PUB_STOP_MODE_OPERATOR_GEAR,0,
1994965975,marker,PUB_STOP_MODE_OPERATOR_TURN_INDICATORS,1,
1995046831,marker,PUB_STOP_MODE_OPERATOR_HAZARD_LIGHTS,1,
1995121000,marker,PATH_STOP_MODE_OPERATOR_ON_TIMER_EXIT,0,
1999622712,heartbeat,,19,2000
2026125206,marker,PATH_MRM_EMERGENCY_STOP_OPERATOR_ON_TIMER_ENTRY,1,
2026131337,marker,PUB_MRM_EMERGENCY_STOP_OPERATOR_EMERGENCY_CONTROL_CMD,1,
2026346500,marker,PUB_MRM_EMERGENCY_STOP_OPERATOR_STATUS,1,
2026578369,marker,PATH_MRM_EMERGENCY_STOP_OPERATOR_ON_TIMER_EXIT,1,
2026619594,marker,PATH_STOP_MODE_OPERATOR_ON_TIMER_ENTRY,0,
2026639475,marker,PUB_STOP_MODE_OPERATOR_CONTROL,0,
2026735356,marker,PUB_STOP_MODE_OPERATOR_GEAR,0,
2026817212,marker,PUB_STOP_MODE_OPERATOR_TURN_INDICATORS,1,
2026897825,marker,PUB_STOP_MODE_OPERATOR_HAZARD_LIGHTS,1,
2026971994,marker,PATH_STOP_MODE_OPERATOR_ON_TIMER_EXIT,0,
2042166950,marker,PATH_MRM_COMFORTABLE_STOP_OPERATOR_ON_TIMER_ENTRY,1,
2042179106,marker,PUB_MRM_COMFORTABLE_STOP_OPERATOR_STATUS,1,
2042421519,marker,PATH_MRM_COMFORTABLE_STOP_OPERATOR_ON_TIMER_EXIT,1,
2042496906,marker,PATH_MRM_HANDLER_ON_TIMER_ENTRY,1,
2042523069,marker,PUB_MRM_HANDLER_MRM_STATE,65537,
2042604869,marker,PUB_MRM_HANDLER_TURN_INDICATORS_CMD,0,
2042683150,marker,PUB_MRM_HANDLER_HAZARD_LIGHTS_CMD,0,
2042760912,marker,PUB_MRM_HANDLER_GEAR_CMD_OUT,2,
2042838150,marker,PUB_MRM_HANDLER_EMERGENCY_HOLDING,0,
2042909125,marker,PATH_MRM_HANDLER_ON_TIMER_EXIT,1,
2050772006,marker,TAKE_MRM_HANDLER_OPERATION_MODE_AVAILABILITY,1,
2059780344,marker,PATH_MRM_EMERGENCY_STOP_OPERATOR_ON_TIMER_ENTRY,1,
2059799837,marker,PUB_MRM_EMERGENCY_STOP_OPERATOR_EMERGENCY_CONTROL_CMD,1,
2060420944,marker,PUB_MRM_EMERGENCY_STOP_OPERATOR_STATUS,1,
2061091262,marker,PATH_MRM_EMERGENCY_STOP_OPERATOR_ON_TIMER_EXIT,1,
2061114294,marker,PATH_STOP_MODE_OPERATOR_ON_TIMER_ENTRY,0,
2061176537,marker,PUB_STOP_MODE_OPERATOR_CONTROL,0,
2061457494,marker,PUB_STOP_MODE_OPERATOR_GEAR,0,
2061685787,marker,PUB_STOP_MODE_OPERATOR_TURN_INDICATORS,1,
2061912925,marker,PUB_STOP_MODE_OPERATOR_HAZARD_LIGHTS,1,
2062119050,marker,PATH_STOP_MODE_OPERATOR_ON_TIMER_EXIT,0,
2095432331,marker,PATH_MRM_EMERGENCY_STOP_OPERATOR_ON_TIMER_ENTRY,1,
2095439025,marker,PUB_MRM_EMERGENCY_STOP_OPERATOR_EMERGENCY_CONTROL_CMD,1,
2095658225,marker,PUB_MRM_EMERGENCY_STOP_OPERATOR_STATUS,1,
2095893056,marker,PATH_MRM_EMERGENCY_STOP_OPERATOR_ON_TIMER_EXIT,1,
2095903200,marker,PATH_STOP_MODE_OPERATOR_ON_TIMER_ENTRY,0,
2095922469,marker,PUB_STOP_MODE_OPERATOR_CONTROL,0,
2096018506,marker,PUB_STOP_MODE_OPERATOR_GEAR,0,
2096098462,marker,PUB_STOP_MODE_OPERATOR_TURN_INDICATORS,1,
2096177581,marker,PUB_STOP_MODE_OPERATOR_HAZARD_LIGHTS,1,
2096251569,marker,PATH_STOP_MODE_OPERATOR_ON_TIMER_EXIT,0,
2099621437,heartbeat,,20,2100
2125771787,marker,PATH_MRM_EMERGENCY_STOP_OPERATOR_ON_TIMER_ENTRY,1,
2125790925,marker,PUB_MRM_EMERGENCY_STOP_OPERATOR_EMERGENCY_CONTROL_CMD,1,
2126140781,marker,PUB_MRM_EMERGENCY_STOP_OPERATOR_STATUS,1,
2126375100,marker,PATH_MRM_EMERGENCY_STOP_OPERATOR_ON_TIMER_EXIT,1,
2126385725,marker,PATH_STOP_MODE_OPERATOR_ON_TIMER_ENTRY,0,
2126405987,marker,PUB_STOP_MODE_OPERATOR_CONTROL,0,
2126503587,marker,PUB_STOP_MODE_OPERATOR_GEAR,0,
2126583106,marker,PUB_STOP_MODE_OPERATOR_TURN_INDICATORS,1,
2126663419,marker,PUB_STOP_MODE_OPERATOR_HAZARD_LIGHTS,1,
2126737331,marker,PATH_STOP_MODE_OPERATOR_ON_TIMER_EXIT,0,
2137852981,marker,PATH_MRM_COMFORTABLE_STOP_OPERATOR_ON_TIMER_ENTRY,1,
2137865300,marker,PUB_MRM_COMFORTABLE_STOP_OPERATOR_STATUS,1,
2138101906,marker,PATH_MRM_COMFORTABLE_STOP_OPERATOR_ON_TIMER_EXIT,1,
2138177550,marker,PATH_MRM_HANDLER_ON_TIMER_ENTRY,1,
2138202925,marker,PUB_MRM_HANDLER_MRM_STATE,65537,
2138285775,marker,PUB_MRM_HANDLER_TURN_INDICATORS_CMD,0,
2138363975,marker,PUB_MRM_HANDLER_HAZARD_LIGHTS_CMD,0,
2138441969,marker,PUB_MRM_HANDLER_GEAR_CMD_OUT,2,
2138518600,marker,PUB_MRM_HANDLER_EMERGENCY_HOLDING,0,
2138590681,marker,PATH_MRM_HANDLER_ON_TIMER_EXIT,1,
2151407437,marker,TAKE_MRM_HANDLER_OPERATION_MODE_AVAILABILITY,1,
2158667912,marker,PATH_MRM_EMERGENCY_STOP_OPERATOR_ON_TIMER_ENTRY,1,
2158674369,marker,PUB_MRM_EMERGENCY_STOP_OPERATOR_EMERGENCY_CONTROL_CMD,1,
2158894412,marker,PUB_MRM_EMERGENCY_STOP_OPERATOR_STATUS,1,
2159128112,marker,PATH_MRM_EMERGENCY_STOP_OPERATOR_ON_TIMER_EXIT,1,
2159137725,marker,PATH_STOP_MODE_OPERATOR_ON_TIMER_ENTRY,0,
2159157756,marker,PUB_STOP_MODE_OPERATOR_CONTROL,0,
2159255456,marker,PUB_STOP_MODE_OPERATOR_GEAR,0,
2159336569,marker,PUB_STOP_MODE_OPERATOR_TURN_INDICATORS,1,
2159417381,marker,PUB_STOP_MODE_OPERATOR_HAZARD_LIGHTS,1,
2159491512,marker,PATH_STOP_MODE_OPERATOR_ON_TIMER_EXIT,0,
2192664444,marker,PATH_MRM_EMERGENCY_STOP_OPERATOR_ON_TIMER_ENTRY,1,
2192671325,marker,PUB_MRM_EMERGENCY_STOP_OPERATOR_EMERGENCY_CONTROL_CMD,1,
2192887731,marker,PUB_MRM_EMERGENCY_STOP_OPERATOR_STATUS,1,
2193118806,marker,PATH_MRM_EMERGENCY_STOP_OPERATOR_ON_TIMER_EXIT,1,
2193129069,marker,PATH_STOP_MODE_OPERATOR_ON_TIMER_ENTRY,0,
2193148869,marker,PUB_STOP_MODE_OPERATOR_CONTROL,0,
2193246762,marker,PUB_STOP_MODE_OPERATOR_GEAR,0,
2193398025,marker,PUB_STOP_MODE_OPERATOR_TURN_INDICATORS,1,
2193625575,marker,PUB_STOP_MODE_OPERATOR_HAZARD_LIGHTS,1,
2193839925,marker,PATH_STOP_MODE_OPERATOR_ON_TIMER_EXIT,0,
2199621600,heartbeat,,21,2200
2224766294,marker,PATH_MRM_EMERGENCY_STOP_OPERATOR_ON_TIMER_ENTRY,1,
2224785875,marker,PUB_MRM_EMERGENCY_STOP_OPERATOR_EMERGENCY_CONTROL_CMD,1,
2225360987,marker,PUB_MRM_EMERGENCY_STOP_OPERATOR_STATUS,1,
2225595731,marker,PATH_MRM_EMERGENCY_STOP_OPERATOR_ON_TIMER_EXIT,1,
2225605919,marker,PATH_STOP_MODE_OPERATOR_ON_TIMER_ENTRY,0,
2225626631,marker,PUB_STOP_MODE_OPERATOR_CONTROL,0,
2225724431,marker,PUB_STOP_MODE_OPERATOR_GEAR,0,
2225806325,marker,PUB_STOP_MODE_OPERATOR_TURN_INDICATORS,1,
2225886362,marker,PUB_STOP_MODE_OPERATOR_HAZARD_LIGHTS,1,
2225961019,marker,PATH_STOP_MODE_OPERATOR_ON_TIMER_EXIT,0,
2237861462,marker,PATH_MRM_COMFORTABLE_STOP_OPERATOR_ON_TIMER_ENTRY,1,
2237873294,marker,PUB_MRM_COMFORTABLE_STOP_OPERATOR_STATUS,1,
2238109669,marker,PATH_MRM_COMFORTABLE_STOP_OPERATOR_ON_TIMER_EXIT,1,
2238187437,marker,PATH_MRM_HANDLER_ON_TIMER_ENTRY,1,
2238214056,marker,PUB_MRM_HANDLER_MRM_STATE,65537,
2238297537,marker,PUB_MRM_HANDLER_TURN_INDICATORS_CMD,0,
2238375306,marker,PUB_MRM_HANDLER_HAZARD_LIGHTS_CMD,0,
2238453525,marker,PUB_MRM_HANDLER_GEAR_CMD_OUT,2,
2238530587,marker,PUB_MRM_HANDLER_EMERGENCY_HOLDING,0,
2238603531,marker,PATH_MRM_HANDLER_ON_TIMER_EXIT,1,
2250918044,marker,TAKE_MRM_HANDLER_OPERATION_MODE_AVAILABILITY,1,
2258425931,marker,PATH_MRM_EMERGENCY_STOP_OPERATOR_ON_TIMER_ENTRY,1,
2258433125,marker,PUB_MRM_EMERGENCY_STOP_OPERATOR_EMERGENCY_CONTROL_CMD,1,
2258653812,marker,PUB_MRM_EMERGENCY_STOP_OPERATOR_STATUS,1,
2258889237,marker,PATH_MRM_EMERGENCY_STOP_OPERATOR_ON_TIMER_EXIT,1,
2258899312,marker,PATH_STOP_MODE_OPERATOR_ON_TIMER_ENTRY,0,
2258919675,marker,PUB_STOP_MODE_OPERATOR_CONTROL,0,
2259016331,marker,PUB_STOP_MODE_OPERATOR_GEAR,0,
2259097750,marker,PUB_STOP_MODE_OPERATOR_TURN_INDICATORS,1,
2259178912,marker,PUB_STOP_MODE_OPERATOR_HAZARD_LIGHTS,1,
2259253906,marker,PATH_STOP_MODE_OPERATOR_ON_TIMER_EXIT,0,
2291664731,marker,PATH_MRM_EMERGENCY_STOP_OPERATOR_ON_TIMER_ENTRY,1,
2291671700,marker,PUB_MRM_EMERGENCY_STOP_OPERATOR_EMERGENCY_CONTROL_CMD,1,
2291889162,marker,PUB_MRM_EMERGENCY_STOP_OPERATOR_STATUS,1,
2292123331,marker,PATH_MRM_EMERGENCY_STOP_OPERATOR_ON_TIMER_EXIT,1,
2292133456,marker,PATH_STOP_MODE_OPERATOR_ON_TIMER_ENTRY,0,
2292153994,marker,PUB_STOP_MODE_OPERATOR_CONTROL,0,
2292252481,marker,PUB_STOP_MODE_OPERATOR_GEAR,0,
2292334169,marker,PUB_STOP_MODE_OPERATOR_TURN_INDICATORS,1,
2292414687,marker,PUB_STOP_MODE_OPERATOR_HAZARD_LIGHTS,1,
2292487719,marker,PATH_STOP_MODE_OPERATOR_ON_TIMER_EXIT,0,
2299621294,heartbeat,,22,2300
2323667094,marker,PATH_MRM_EMERGENCY_STOP_OPERATOR_ON_TIMER_ENTRY,1,
2323674106,marker,PUB_MRM_EMERGENCY_STOP_OPERATOR_EMERGENCY_CONTROL_CMD,1,
2323896044,marker,PUB_MRM_EMERGENCY_STOP_OPERATOR_STATUS,1,
2324129675,marker,PATH_MRM_EMERGENCY_STOP_OPERATOR_ON_TIMER_EXIT,1,
2324139862,marker,PATH_STOP_MODE_OPERATOR_ON_TIMER_ENTRY,0,
2324160381,marker,PUB_STOP_MODE_OPERATOR_CONTROL,0,
2324258281,marker,PUB_STOP_MODE_OPERATOR_GEAR,0,
2324339356,marker,PUB_STOP_MODE_OPERATOR_TURN_INDICATORS,1,
2324419256,marker,PUB_STOP_MODE_OPERATOR_HAZARD_LIGHTS,1,
2324534200,marker,PATH_STOP_MODE_OPERATOR_ON_TIMER_EXIT,0,
2338064906,marker,PATH_MRM_COMFORTABLE_STOP_OPERATOR_ON_TIMER_ENTRY,1,
2338077281,marker,PUB_MRM_COMFORTABLE_STOP_OPERATOR_STATUS,1,
2338316275,marker,PATH_MRM_COMFORTABLE_STOP_OPERATOR_ON_TIMER_EXIT,1,
2338392587,marker,PATH_MRM_HANDLER_ON_TIMER_ENTRY,1,
2338419669,marker,PUB_MRM_HANDLER_MRM_STATE,65537,
2338501581,marker,PUB_MRM_HANDLER_TURN_INDICATORS_CMD,0,
2338579931,marker,PUB_MRM_HANDLER_HAZARD_LIGHTS_CMD,0,
2338658337,marker,PUB_MRM_HANDLER_GEAR_CMD_OUT,2,
2338736306,marker,PUB_MRM_HANDLER_EMERGENCY_HOLDING,0,
2338808306,marker,PATH_MRM_HANDLER_ON_TIMER_EXIT,1,
2351261456,marker,TAKE_MRM_HANDLER_OPERATION_MODE_AVAILABILITY,1,
2356667269,marker,PATH_MRM_EMERGENCY_STOP_OPERATOR_ON_TIMER_ENTRY,1,
2356673900,marker,PUB_MRM_EMERGENCY_STOP_OPERATOR_EMERGENCY_CONTROL_CMD,1,
2356890419,marker,PUB_MRM_EMERGENCY_STOP_OPERATOR_STATUS,1,
2357123850,marker,PATH_MRM_EMERGENCY_STOP_OPERATOR_ON_TIMER_EXIT,1,
2357134125,marker,PATH_STOP_MODE_OPERATOR_ON_TIMER_ENTRY,0,
2357154769,marker,PUB_STOP_MODE_OPERATOR_CONTROL,0,
2357253025,marker,PUB_STOP_MODE_OPERATOR_GEAR,0,
2357334075,marker,PUB_STOP_MODE_OPERATOR_TURN_INDICATORS,1,
2357414925,marker,PUB_STOP_MODE_OPERATOR_HAZARD_LIGHTS,1,
2357488156,marker,PATH_STOP_MODE_OPERATOR_ON_TIMER_EXIT,0,
2390664956,marker,PATH_MRM_EMERGENCY_STOP_OPERATOR_ON_TIMER_ENTRY,1,
2390672000,marker,PUB_MRM_EMERGENCY_STOP_OPERATOR_EMERGENCY_CONTROL_CMD,1,
2390892137,marker,PUB_MRM_EMERGENCY_STOP_OPERATOR_STATUS,1,
2391128281,marker,PATH_MRM_EMERGENCY_STOP_OPERATOR_ON_TIMER_EXIT,1,
2391138256,marker,PATH_STOP_MODE_OPERATOR_ON_TIMER_ENTRY,0,
2391158869,marker,PUB_STOP_MODE_OPERATOR_CONTROL,0,
2391256987,marker,PUB_STOP_MODE_OPERATOR_GEAR,0,
2391338056,marker,PUB_STOP_MODE_OPERATOR_TURN_INDICATORS,1,
2391418112,marker,PUB_STOP_MODE_OPERATOR_HAZARD_LIGHTS,1,
2391491119,marker,PATH_STOP_MODE_OPERATOR_ON_TIMER_EXIT,0,
2399621594,heartbeat,,23,2400
2422176162,marker,PATH_MRM_EMERGENCY_STOP_OPERATOR_ON_TIMER_ENTRY,1,
2422182487,marker,PUB_MRM_EMERGENCY_STOP_OPERATOR_EMERGENCY_CONTROL_CMD,1,
2422400987,marker,PUB_MRM_EMERGENCY_STOP_OPERATOR_STATUS,1,
2422637037,marker,PATH_MRM_EMERGENCY_STOP_OPERATOR_ON_TIMER_EXIT,1,
2422678519,marker,PATH_STOP_MODE_OPERATOR_ON_TIMER_ENTRY,0,
2422698831,marker,PUB_STOP_MODE_OPERATOR_CONTROL,0,
2422795769,marker,PUB_STOP_MODE_OPERATOR_GEAR,0,
2422877881,marker,PUB_STOP_MODE_OPERATOR_TURN_INDICATORS,1,
2422958975,marker,PUB_STOP_MODE_OPERATOR_HAZARD_LIGHTS,1,
2423032762,marker,PATH_STOP_MODE_OPERATOR_ON_TIMER_EXIT,0,
2438667425,marker,PATH_MRM_COMFORTABLE_STOP_OPERATOR_ON_TIMER_ENTRY,1,
2438680144,marker,PUB_MRM_COMFORTABLE_STOP_OPERATOR_STATUS,1,
2438917631,marker,PATH_MRM_COMFORTABLE_STOP_OPERATOR_ON_TIMER_EXIT,1,
2438928225,marker,PATH_MRM_HANDLER_ON_TIMER_ENTRY,1,
2438955169,marker,PUB_MRM_HANDLER_MRM_STATE,65537,
2439156925,marker,PUB_MRM_HANDLER_TURN_INDICATORS_CMD,0,
2439374600,marker,PUB_MRM_HANDLER_HAZARD_LIGHTS_CMD,0,
2439592481,marker,PUB_MRM_HANDLER_GEAR_CMD_OUT,2,
2439816156,marker,PUB_MRM_HANDLER_EMERGENCY_HOLDING,0,
2440014212,marker,PATH_MRM_HANDLER_ON_TIMER_EXIT,1,
2456664194,marker,PATH_MRM_EMERGENCY_STOP_OPERATOR_ON_TIMER_ENTRY,1,
2456670956,marker,PUB_MRM_EMERGENCY_STOP_OPERATOR_EMERGENCY_CONTROL_CMD,1,
2456887362,marker,PUB_MRM_EMERGENCY_STOP_OPERATOR_STATUS,1,
2457120550,marker,PATH_MRM_EMERGENCY_STOP_OPERATOR_ON_TIMER_EXIT,1,
2457130631,marker,PATH_STOP_MODE_OPERATOR_ON_TIMER_ENTRY,0,
2457151050,marker,PUB_STOP_MODE_OPERATOR_CONTROL,0,
2457248994,marker,PUB_STOP_MODE_OPERATOR_GEAR,0,
2457330444,marker,PUB_STOP_MODE_OPERATOR_TURN_INDICATORS,1,
2457410206,marker,PUB_STOP_MODE_OPERATOR_HAZARD_LIGHTS,1,
2457484875,marker,PATH_STOP_MODE_OPERATOR_ON_TIMER_EXIT,0,
2460407644,marker,TAKE_MRM_HANDLER_OPERATION_MODE_AVAILABILITY,1,
2488667744,marker,PATH_MRM_EMERGENCY_STOP_OPERATOR_ON_TIMER_ENTRY,1,
2488674669,marker,PUB_MRM_EMERGENCY_STOP_OPERATOR_EMERGENCY_CONTROL_CMD,1,
2488893037,marker,PUB_MRM_EMERGENCY_STOP_OPERATOR_STATUS,1,
2489128231,marker,PATH_MRM_EMERGENCY_STOP_OPERATOR_ON_TIMER_EXIT,1,
2489138681,marker,PATH_STOP_MODE_OPERATOR_ON_TIMER_ENTRY,0,
2489159887,marker,PUB_STOP_MODE_OPERATOR_CONTROL,0,
2489258137,marker,PUB_STOP_MODE_OPERATOR_GEAR,0,
2489338312,marker,PUB_STOP_MODE_OPERATOR_TURN_INDICATORS,1,
2489418231,marker,PUB_STOP_MODE_OPERATOR_HAZARD_LIGHTS,1,
2489491275,marker,PATH_STOP_MODE_OPERATOR_ON_TIMER_EXIT,0,
2499625181,heartbeat,,24,2500
2521668325,marker,PATH_MRM_EMERGENCY_STOP_OPERATOR_ON_TIMER_ENTRY,1,
2521675000,marker,PUB_MRM_EMERGENCY_STOP_OPERATOR_EMERGENCY_CONTROL_CMD,1,
2521890669,marker,PUB_MRM_EMERGENCY_STOP_OPERATOR_STATUS,1,
2522123962,marker,PATH_MRM_EMERGENCY_STOP_OPERATOR_ON_TIMER_EXIT,1,
2522134369,marker,PATH_STOP_MODE_OPERATOR_ON_TIMER_ENTRY,0,
2522154087,marker,PUB_STOP_MODE_OPERATOR_CONTROL,0,
2522250981,marker,PUB_STOP_MODE_OPERATOR_GEAR,0,
2522331987,marker,PUB_STOP_MODE_OPERATOR_TURN_INDICATORS,1,
2522411919,marker,PUB_STOP_MODE_OPERATOR_HAZARD_LIGHTS,1,
2522487406,marker,PATH_STOP_MODE_OPERATOR_ON_TIMER_EXIT,0,
2538063969,marker,PATH_MRM_COMFORTABLE_STOP_OPERATOR_ON_TIMER_ENTRY,1,
2538075819,marker,PUB_MRM_COMFORTABLE_STOP_OPERATOR_STATUS,1,
2538315225,marker,PATH_MRM_COMFORTABLE_STOP_OPERATOR_ON_TIMER_EXIT,1,
2538392675,marker,PATH_MRM_HANDLER_ON_TIMER_ENTRY,1,
2538418469,marker,PUB_MRM_HANDLER_MRM_STATE,65537,
2538500806,marker,PUB_MRM_HANDLER_TURN_INDICATORS_CMD,0,
2538579250,marker,PUB_MRM_HANDLER_HAZARD_LIGHTS_CMD,0,
2538656237,marker,PUB_MRM_HANDLER_GEAR_CMD_OUT,2,
2538733800,marker,PUB_MRM_HANDLER_EMERGENCY_HOLDING,0,
2538805331,marker,PATH_MRM_HANDLER_ON_TIMER_EXIT,1,
2551111012,marker,TAKE_MRM_HANDLER_OPERATION_MODE_AVAILABILITY,1,
2554667106,marker,PATH_MRM_EMERGENCY_STOP_OPERATOR_ON_TIMER_ENTRY,1,
2554673781,marker,PUB_MRM_EMERGENCY_STOP_OPERATOR_EMERGENCY_CONTROL_CMD,1,
2554889269,marker,PUB_MRM_EMERGENCY_STOP_OPERATOR_STATUS,1,
2555121556,marker,PATH_MRM_EMERGENCY_STOP_OPERATOR_ON_TIMER_EXIT,1,
2555131525,marker,PATH_STOP_MODE_OPERATOR_ON_TIMER_ENTRY,0,
2555152131,marker,PUB_STOP_MODE_OPERATOR_CONTROL,0,
2555250244,marker,PUB_STOP_MODE_OPERATOR_GEAR,0,
2555330587,marker,PUB_STOP_MODE_OPERATOR_TURN_INDICATORS,1,
2555410956,marker,PUB_STOP_MODE_OPERATOR_HAZARD_LIGHTS,1,
2555484881,marker,PATH_STOP_MODE_OPERATOR_ON_TIMER_EXIT,0,
2587665250,marker,PATH_MRM_EMERGENCY_STOP_OPERATOR_ON_TIMER_ENTRY,1,
2587672375,marker,PUB_MRM_EMERGENCY_STOP_OPERATOR_EMERGENCY_CONTROL_CMD,1,
2587892800,marker,PUB_MRM_EMERGENCY_STOP_OPERATOR_STATUS,1,
2588127662,marker,PATH_MRM_EMERGENCY_STOP_OPERATOR_ON_TIMER_EXIT,1,
2588137894,marker,PATH_STOP_MODE_OPERATOR_ON_TIMER_ENTRY,0,
2588158044,marker,PUB_STOP_MODE_OPERATOR_CONTROL,0,
2588255575,marker,PUB_STOP_MODE_OPERATOR_GEAR,0,
2588337819,marker,PUB_STOP_MODE_OPERATOR_TURN_INDICATORS,1,
2588418175,marker,PUB_STOP_MODE_OPERATOR_HAZARD_LIGHTS,1,
2588492694,marker,PATH_STOP_MODE_OPERATOR_ON_TIMER_EXIT,0,
2599625294,heartbeat,,25,2600
2620667381,marker,PATH_MRM_EMERGENCY_STOP_OPERATOR_ON_TIMER_ENTRY,1,
2620674275,marker,PUB_MRM_EMERGENCY_STOP_OPERATOR_EMERGENCY_CONTROL_CMD,1,
2620889937,marker,PUB_MRM_EMERGENCY_STOP_OPERATOR_STATUS,1,
2621125819,marker,PATH_MRM_EMERGENCY_STOP_OPERATOR_ON_TIMER_EXIT,1,
2621136137,marker,PATH_STOP_MODE_OPERATOR_ON_TIMER_ENTRY,0,
2621156794,marker,PUB_STOP_MODE_OPERATOR_CONTROL,0,
2621255369,marker,PUB_STOP_MODE_OPERATOR_GEAR,0,
2621337550,marker,PUB_STOP_MODE_OPERATOR_TURN_INDICATORS,1,
2621417162,marker,PUB_STOP_MODE_OPERATOR_HAZARD_LIGHTS,1,
2621490300,marker,PATH_STOP_MODE_OPERATOR_ON_TIMER_EXIT,0,
2639059050,marker,PATH_MRM_COMFORTABLE_STOP_OPERATOR_ON_TIMER_ENTRY,1,
2639071687,marker,PUB_MRM_COMFORTABLE_STOP_OPERATOR_STATUS,1,
2639313812,marker,PATH_MRM_COMFORTABLE_STOP_OPERATOR_ON_TIMER_EXIT,1,
2639324281,marker,PATH_MRM_HANDLER_ON_TIMER_ENTRY,1,
2639351887,marker,PUB_MRM_HANDLER_MRM_STATE,65537,
2639432825,marker,PUB_MRM_HANDLER_TURN_INDICATORS_CMD,0,
2639511650,marker,PUB_MRM_HANDLER_HAZARD_LIGHTS_CMD,0,
2639589531,marker,PUB_MRM_HANDLER_GEAR_CMD_OUT,2,
2639667187,marker,PUB_MRM_HANDLER_EMERGENCY_HOLDING,0,
2639738937,marker,PATH_MRM_HANDLER_ON_TIMER_EXIT,1,
2650658125,marker,TAKE_MRM_HANDLER_OPERATION_MODE_AVAILABILITY,1,
2654668481,marker,PATH_MRM_EMERGENCY_STOP_OPERATOR_ON_TIMER_ENTRY,1,
2654675325,marker,PUB_MRM_EMERGENCY_STOP_OPERATOR_EMERGENCY_CONTROL_CMD,1,
2654891225,marker,PUB_MRM_EMERGENCY_STOP_OPERATOR_STATUS,1,
2655124631,marker,PATH_MRM_EMERGENCY_STOP_OPERATOR_ON_TIMER_EXIT,1,
2655134781,marker,PATH_STOP_MODE_OPERATOR_ON_TIMER_ENTRY,0,
2655155819,marker,PUB_STOP_MODE_OPERATOR_CONTROL,0,
2655253512,marker,PUB_STOP_MODE_OPERATOR_GEAR,0,
2655334356,marker,PUB_STOP_MODE_OPERATOR_TURN_INDICATORS,1,
2655414831,marker,PUB_STOP_MODE_OPERATOR_HAZARD_LIGHTS,1,
2655488681,marker,PATH_STOP_MODE_OPERATOR_ON_TIMER_EXIT,0,
2687665119,marker,PATH_MRM_EMERGENCY_STOP_OPERATOR_ON_TIMER_ENTRY,1,
2687671381,marker,PUB_MRM_EMERGENCY_STOP_OPERATOR_EMERGENCY_CONTROL_CMD,1,
2687888219,marker,PUB_MRM_EMERGENCY_STOP_OPERATOR_STATUS,1,
2688121137,marker,PATH_MRM_EMERGENCY_STOP_OPERATOR_ON_TIMER_EXIT,1,
2688131162,marker,PATH_STOP_MODE_OPERATOR_ON_TIMER_ENTRY,0,
2688151494,marker,PUB_STOP_MODE_OPERATOR_CONTROL,0,
2688248375,marker,PUB_STOP_MODE_OPERATOR_GEAR,0,
2688330069,marker,PUB_STOP_MODE_OPERATOR_TURN_INDICATORS,1,
2688411550,marker,PUB_STOP_MODE_OPERATOR_HAZARD_LIGHTS,1,
2688485162,marker,PATH_STOP_MODE_OPERATOR_ON_TIMER_EXIT,0,
2699622231,heartbeat,,26,2700
2719667325,marker,PATH_MRM_EMERGENCY_STOP_OPERATOR_ON_TIMER_ENTRY,1,
2719674331,marker,PUB_MRM_EMERGENCY_STOP_OPERATOR_EMERGENCY_CONTROL_CMD,1,
2719894519,marker,PUB_MRM_EMERGENCY_STOP_OPERATOR_STATUS,1,
2720126956,marker,PATH_MRM_EMERGENCY_STOP_OPERATOR_ON_TIMER_EXIT,1,
2720137025,marker,PATH_STOP_MODE_OPERATOR_ON_TIMER_ENTRY,0,
2720157925,marker,PUB_STOP_MODE_OPERATOR_CONTROL,0,
2720255812,marker,PUB_STOP_MODE_OPERATOR_GEAR,0,
2720337306,marker,PUB_STOP_MODE_OPERATOR_TURN_INDICATORS,1,
2720417162,marker,PUB_STOP_MODE_OPERATOR_HAZARD_LIGHTS,1,
2720491069,marker,PATH_STOP_MODE_OPERATOR_ON_TIMER_EXIT,0,
2737875381,marker,PATH_MRM_COMFORTABLE_STOP_OPERATOR_ON_TIMER_ENTRY,1,
2737887375,marker,PUB_MRM_COMFORTABLE_STOP_OPERATOR_STATUS,1,
2738126556,marker,PATH_MRM_COMFORTABLE_STOP_OPERATOR_ON_TIMER_EXIT,1,
2738204344,marker,PATH_MRM_HANDLER_ON_TIMER_ENTRY,1,
2738230775,marker,PUB_MRM_HANDLER_MRM_STATE,65537,
2738312612,marker,PUB_MRM_HANDLER_TURN_INDICATORS_CMD,0,
2738390800,marker,PUB_MRM_HANDLER_HAZARD_LIGHTS_CMD,0,
2738468912,marker,PUB_MRM_HANDLER_GEAR_CMD_OUT,2,
2738545606,marker,PUB_MRM_HANDLER_EMERGENCY_HOLDING,0,
2738617894,marker,PATH_MRM_HANDLER_ON_TIMER_EXIT,1,
2750600744,marker,TAKE_MRM_HANDLER_OPERATION_MODE_AVAILABILITY,1,
2753667462,marker,PATH_MRM_EMERGENCY_STOP_OPERATOR_ON_TIMER_ENTRY,1,
2753674381,marker,PUB_MRM_EMERGENCY_STOP_OPERATOR_EMERGENCY_CONTROL_CMD,1,
2753894094,marker,PUB_MRM_EMERGENCY_STOP_OPERATOR_STATUS,1,
2754129906,marker,PATH_MRM_EMERGENCY_STOP_OPERATOR_ON_TIMER_EXIT,1,
2754139975,marker,PATH_STOP_MODE_OPERATOR_ON_TIMER_ENTRY,0,
2754161625,marker,PUB_STOP_MODE_OPERATOR_CONTROL,0,
2754258812,marker,PUB_STOP_MODE_OPERATOR_GEAR,0,
2754340056,marker,PUB_STOP_MODE_OPERATOR_TURN_INDICATORS,1,
2754421219,marker,PUB_STOP_MODE_OPERATOR_HAZARD_LIGHTS,1,
2754496031,marker,PATH_STOP_MODE_OPERATOR_ON_TIMER_EXIT,0,
2786664825,marker,PATH_MRM_EMERGENCY_STOP_OPERATOR_ON_TIMER_ENTRY,1,
2786671937,marker,PUB_MRM_EMERGENCY_STOP_OPERATOR_EMERGENCY_CONTROL_CMD,1,
2786888900,marker,PUB_MRM_EMERGENCY_STOP_OPERATOR_STATUS,1,
2787123369,marker,PATH_MRM_EMERGENCY_STOP_OPERATOR_ON_TIMER_EXIT,1,
2787133606,marker,PATH_STOP_MODE_OPERATOR_ON_TIMER_ENTRY,0,
2787154162,marker,PUB_STOP_MODE_OPERATOR_CONTROL,0,
2787251469,marker,PUB_STOP_MODE_OPERATOR_GEAR,0,
2787332369,marker,PUB_STOP_MODE_OPERATOR_TURN_INDICATORS,1,
2787412537,marker,PUB_STOP_MODE_OPERATOR_HAZARD_LIGHTS,1,
2787486344,marker,PATH_STOP_MODE_OPERATOR_ON_TIMER_EXIT,0,
2799623731,heartbeat,,27,2800
2818745181,marker,PATH_MRM_EMERGENCY_STOP_OPERATOR_ON_TIMER_ENTRY,1,
2818751731,marker,PUB_MRM_EMERGENCY_STOP_OPERATOR_EMERGENCY_CONTROL_CMD,1,
2818971519,marker,PUB_MRM_EMERGENCY_STOP_OPERATOR_STATUS,1,
2819206381,marker,PATH_MRM_EMERGENCY_STOP_OPERATOR_ON_TIMER_EXIT,1,
2819269444,marker,PATH_STOP_MODE_OPERATOR_ON_TIMER_ENTRY,0,
2819290431,marker,PUB_STOP_MODE_OPERATOR_CONTROL,0,
2819388669,marker,PUB_STOP_MODE_OPERATOR_GEAR,0,
2819470206,marker,PUB_STOP_MODE_OPERATOR_TURN_INDICATORS,1,
2819549719,marker,PUB_STOP_MODE_OPERATOR_HAZARD_LIGHTS,1,
2819624156,marker,PATH_STOP_MODE_OPERATOR_ON_TIMER_EXIT,0,
2837900031,marker,PATH_MRM_COMFORTABLE_STOP_OPERATOR_ON_TIMER_ENTRY,1,
2837912056,marker,PUB_MRM_COMFORTABLE_STOP_OPERATOR_STATUS,1,
2838149075,marker,PATH_MRM_COMFORTABLE_STOP_OPERATOR_ON_TIMER_EXIT,1,
2838226944,marker,PATH_MRM_HANDLER_ON_TIMER_ENTRY,1,
2838253600,marker,PUB_MRM_HANDLER_MRM_STATE,65537,
2838334606,marker,PUB_MRM_HANDLER_TURN_INDICATORS_CMD,0,
2838413169,marker,PUB_MRM_HANDLER_HAZARD_LIGHTS_CMD,0,
2838490306,marker,PUB_MRM_HANDLER_GEAR_CMD_OUT,2,
2838567550,marker,PUB_MRM_HANDLER_EMERGENCY_HOLDING,0,
2838639331,marker,PATH_MRM_HANDLER_ON_TIMER_EXIT,1,
2850562131,marker,TAKE_MRM_HANDLER_OPERATION_MODE_AVAILABILITY,1,
2855437269,marker,PATH_MRM_EMERGENCY_STOP_OPERATOR_ON_TIMER_ENTRY,1,
2855444056,marker,PUB_MRM_EMERGENCY_STOP_OPERATOR_EMERGENCY_CONTROL_CMD,1,
2855664231,marker,PUB_MRM_EMERGENCY_STOP_OPERATOR_STATUS,1,
2855899237,marker,PATH_MRM_EMERGENCY_STOP_OPERATOR_ON_TIMER_EXIT,1,
2855909287,marker,PATH_STOP_MODE_OPERATOR_ON_TIMER_ENTRY,0,
2855929200,marker,PUB_STOP_MODE_OPERATOR_CONTROL,0,
2856028300,marker,PUB_STOP_MODE_OPERATOR_GEAR,0,
2856110869,marker,PUB_STOP_MODE_OPERATOR_TURN_INDICATORS,1,
2856191900,marker,PUB_STOP_MODE_OPERATOR_HAZARD_LIGHTS,1,
2856266031,marker,PATH_STOP_MODE_OPERATOR_ON_TIMER_EXIT,0,
2885664844,marker,PATH_MRM_EMERGENCY_STOP_OPERATOR_ON_TIMER_ENTRY,1,
2885671612,marker,PUB_MRM_EMERGENCY_STOP_OPERATOR_EMERGENCY_CONTROL_CMD,1,
2885888556,marker,PUB_MRM_EMERGENCY_STOP_OPERATOR_STATUS,1,
2886123944,marker,PATH_MRM_EMERGENCY_STOP_OPERATOR_ON_TIMER_EXIT,1,
2886134281,marker,PATH_STOP_MODE_OPERATOR_ON_TIMER_ENTRY,0,
2886154762,marker,PUB_STOP_MODE_OPERATOR_CONTROL,0,
2886253062,marker,PUB_STOP_MODE_OPERATOR_GEAR,0,
2886335075,marker,PUB_STOP_MODE_OPERATOR_TURN_INDICATORS,1,
2886415419,marker,PUB_STOP_MODE_OPERATOR_HAZARD_LIGHTS,1,
2886489769,marker,PATH_STOP_MODE_OPERATOR_ON_TIMER_EXIT,0,
2899622537,heartbeat,,28,2900
2916985375,marker,PATH_MRM_EMERGENCY_STOP_OPERATOR_ON_TIMER_ENTRY,1,
2916991737,marker,PUB_MRM_EMERGENCY_STOP_OPERATOR_EMERGENCY_CONTROL_CMD,1,
2917213050,marker,PUB_MRM_EMERGENCY_STOP_OPERATOR_STATUS,1,
2917449550,marker,PATH_MRM_EMERGENCY_STOP_OPERATOR_ON_TIMER_EXIT,1,
2917491781,marker,PATH_STOP_MODE_OPERATOR_ON_TIMER_ENTRY,0,
2917512919,marker,PUB_STOP_MODE_OPERATOR_CONTROL,0,
2917609919,marker,PUB_STOP_MODE_OPERATOR_GEAR,0,
2917691237,marker,PUB_STOP_MODE_OPERATOR_TURN_INDICATORS,1,
2917771894,marker,PUB_STOP_MODE_OPERATOR_HAZARD_LIGHTS,1,
2917844931,marker,PATH_STOP_MODE_OPERATOR_ON_TIMER_EXIT,0,
2937933244,marker,PATH_MRM_COMFORTABLE_STOP_OPERATOR_ON_TIMER_ENTRY,1,
2937945969,marker,PUB_MRM_COMFORTABLE_STOP_OPERATOR_STATUS,1,
2938181650,marker,PATH_MRM_COMFORTABLE_STOP_OPERATOR_ON_TIMER_EXIT,1,
2938259256,marker,PATH_MRM_HANDLER_ON_TIMER_ENTRY,1,
2938286262,marker,PUB_MRM_HANDLER_MRM_STATE,65537,
2938369844,marker,PUB_MRM_HANDLER_TURN_INDICATORS_CMD,0,
2938449281,marker,PUB_MRM_HANDLER_HAZARD_LIGHTS_CMD,0,
2938526831,marker,PUB_MRM_HANDLER_GEAR_CMD_OUT,2,
2938603775,marker,PUB_MRM_HANDLER_EMERGENCY_HOLDING,0,
2938676519,marker,PATH_MRM_HANDLER_ON_TIMER_EXIT,1,
2949770931,marker,PATH_MRM_EMERGENCY_STOP_OPERATOR_ON_TIMER_ENTRY,1,
2949790875,marker,PUB_MRM_EMERGENCY_STOP_OPERATOR_EMERGENCY_CONTROL_CMD,1,
2950134781,marker,PUB_MRM_EMERGENCY_STOP_OPERATOR_STATUS,1,
2950366925,marker,PATH_MRM_EMERGENCY_STOP_OPERATOR_ON_TIMER_EXIT,1,
2950377094,marker,PATH_STOP_MODE_OPERATOR_ON_TIMER_ENTRY,0,
2950397687,marker,PUB_STOP_MODE_OPERATOR_CONTROL,0,
2950495462,marker,PUB_STOP_MODE_OPERATOR_GEAR,0,
2950576262,marker,PUB_STOP_MODE_OPERATOR_TURN_INDICATORS,1,
2950657887,marker,PUB_STOP_MODE_OPERATOR_HAZARD_LIGHTS,1,
2950732131,marker,PATH_STOP_MODE_OPERATOR_ON_TIMER_EXIT,0,
2951347400,marker,TAKE_MRM_HANDLER_OPERATION_MODE_AVAILABILITY,1,
2984664806,marker,PATH_MRM_EMERGENCY_STOP_OPERATOR_ON_TIMER_ENTRY,1,
2984671581,marker,PUB_MRM_EMERGENCY_STOP_OPERATOR_EMERGENCY_CONTROL_CMD,1,
2984892431,marker,PUB_MRM_EMERGENCY_STOP_OPERATOR_STATUS,1,
2985125425,marker,PATH_MRM_EMERGENCY_STOP_OPERATOR_ON_TIMER_EXIT,1,
2985135656,marker,PATH_STOP_MODE_OPERATOR_ON_TIMER_ENTRY,0,
2985156200,marker,PUB_STOP_MODE_OPERATOR_CONTROL,0,
2985253775,marker,PUB_STOP_MODE_OPERATOR_GEAR,0,
2985334244,marker,PUB_STOP_MODE_OPERATOR_TURN_INDICATORS,1,
2985414300,marker,PUB_STOP_MODE_OPERATOR_HAZARD_LIGHTS,1,
2985488219,marker,PATH_STOP_MODE_OPERATOR_ON_TIMER_EXIT,0,
2999622231,heartbeat,,29,3000
3017815787,marker,PATH_MRM_EMERGENCY_STOP_OPERATOR_ON_TIMER_ENTRY,1,
3017822175,marker,PUB_MRM_EMERGENCY_STOP_OPERATOR_EMERGENCY_CONTROL_CMD,1,
3018113306,marker,PUB_MRM_EMERGENCY_STOP_OPERATOR_STATUS,1,
3018348981,marker,PATH_MRM_EMERGENCY_STOP_OPERATOR_ON_TIMER_EXIT,1,
3018359075,marker,PATH_STOP_MODE_OPERATOR_ON_TIMER_ENTRY,0,
3018378544,marker,PUB_STOP_MODE_OPERATOR_CONTROL,0,
3018474544,marker,PUB_STOP_MODE_OPERATOR_GEAR,0,
3018555856,marker,PUB_STOP_MODE_OPERATOR_TURN_INDICATORS,1,
3018635894,marker,PUB_STOP_MODE_OPERATOR_HAZARD_LIGHTS,1,
3018709006,marker,PATH_STOP_MODE_OPERATOR_ON_TIMER_EXIT,0,
3037859012,marker,PATH_MRM_COMFORTABLE_STOP_OPERATOR_ON_TIMER_ENTRY,1,
3037870881,marker,PUB_MRM_COMFORTABLE_STOP_OPERATOR_STATUS,1,
3038108700,marker,PATH_MRM_COMFORTABLE_STOP_OPERATOR_ON_TIMER_EXIT,1,
3038185106,marker,PATH_MRM_HANDLER_ON_TIMER_ENTRY,1,
3038211525,marker,PUB_MRM_HANDLER_MRM_STATE,65537,
3038292731,marker,PUB_MRM_HANDLER_TURN_INDICATORS_CMD,0,
3038370831,marker,PUB_MRM_HANDLER_HAZARD_LIGHTS_CMD,0,
3038448556,marker,PUB_MRM_HANDLER_GEAR_CMD_OUT,2,
3038526306,marker,PUB_MRM_HANDLER_EMERGENCY_HOLDING,0,
3038597550,marker,PATH_MRM_HANDLER_ON_TIMER_EXIT,1,
3049774362,marker,PATH_MRM_EMERGENCY_STOP_OPERATOR_ON_TIMER_ENTRY,1,
3049793962,marker,PUB_MRM_EMERGENCY_STOP_OPERATOR_EMERGENCY_CONTROL_CMD,1,
3050032069,marker,PUB_MRM_EMERGENCY_STOP_OPERATOR_STATUS,1,
3050265825,marker,PATH_MRM_EMERGENCY_STOP_OPERATOR_ON_TIMER_EXIT,1,
3050275712,marker,PATH_STOP_MODE_OPERATOR_ON_TIMER_ENTRY,0,
3050295487,marker,PUB_STOP_MODE_OPERATOR_CONTROL,0,
3050392544,marker,PUB_STOP_MODE_OPERATOR_GEAR,0,
3050472825,marker,PUB_STOP_MODE_OPERATOR_TURN_INDICATORS,1,
3050553244,marker,PUB_STOP_MODE_OPERATOR_HAZARD_LIGHTS,1,
3050628594,marker,PATH_STOP_MODE_OPERATOR_ON_TIMER_EXIT,0,
3051185181,marker,TAKE_MRM_HANDLER_OPERATION_MODE_AVAILABILITY,1,
3082667687,marker,PATH_MRM_EMERGENCY_STOP_OPERATOR_ON_TIMER_ENTRY,1,
3082674337,marker,PUB_MRM_EMERGENCY_STOP_OPERATOR_EMERGENCY_CONTROL_CMD,1,
3082892531,marker,PUB_MRM_EMERGENCY_STOP_OPERATOR_STATUS,1,
3083125756,marker,PATH_MRM_EMERGENCY_STOP_OPERATOR_ON_TIMER_EXIT,1,
3083136131,marker,PATH_STOP_MODE_OPERATOR_ON_TIMER_ENTRY,0,
3083156275,marker,PUB_STOP_MODE_OPERATOR_CONTROL,0,
3083253781,marker,PUB_STOP_MODE_OPERATOR_GEAR,0,
3083335181,marker,PUB_STOP_MODE_OPERATOR_TURN_INDICATORS,1,
3083415125,marker,PUB_STOP_MODE_OPERATOR_HAZARD_LIGHTS,1,
3083489450,marker,PATH_STOP_MODE_OPERATOR_ON_TIMER_EXIT,0,
3099627762,heartbeat,,30,3100
3114714775,marker,PATH_MRM_EMERGENCY_STOP_OPERATOR_ON_TIMER_ENTRY,1,
3114720794,marker,PUB_MRM_EMERGENCY_STOP_OPERATOR_EMERGENCY_CONTROL_CMD,1,
3114938925,marker,PUB_MRM_EMERGENCY_STOP_OPERATOR_STATUS,1,
3115169306,marker,PATH_MRM_EMERGENCY_STOP_OPERATOR_ON_TIMER_EXIT,1,
3115245887,marker,PATH_STOP_MODE_OPERATOR_ON_TIMER_ENTRY,0,
3115264469,marker,PUB_STOP_MODE_OPERATOR_CONTROL,0,
3115361750,marker,PUB_STOP_MODE_OPERATOR_GEAR,0,
3115442275,marker,PUB_STOP_MODE_OPERATOR_TURN_INDICATORS,1,
3115521381,marker,PUB_STOP_MODE_OPERATOR_HAZARD_LIGHTS,1,
3115595881,marker,PATH_STOP_MODE_OPERATOR_ON_TIMER_EXIT,0,
3137787656,marker,PATH_MRM_COMFORTABLE_STOP_OPERATOR_ON_TIMER_ENTRY,1,
3137800031,marker,PUB_MRM_COMFORTABLE_STOP_OPERATOR_STATUS,1,
3138041869,marker,PATH_MRM_COMFORTABLE_STOP_OPERATOR_ON_TIMER_EXIT,1,
3138116956,marker,PATH_MRM_HANDLER_ON_TIMER_ENTRY,1,
3138143494,marker,PUB_MRM_HANDLER_MRM_STATE,65537,
3138226225,marker,PUB_MRM_HANDLER_TURN_INDICATORS_CMD,0,
3138304912,marker,PUB_MRM_HANDLER_HAZARD_LIGHTS_CMD,0,
3138383512,marker,PUB_MRM_HANDLER_GEAR_CMD_OUT,2,
3138460244,marker,PUB_MRM_HANDLER_EMERGENCY_HOLDING,0,
3138531987,marker,PATH_MRM_HANDLER_ON_TIMER_EXIT,1,
3148667150,marker,PATH_MRM_EMERGENCY_STOP_OPERATOR_ON_TIMER_ENTRY,1,
3148673969,marker,PUB_MRM_EMERGENCY_STOP_OPERATOR_EMERGENCY_CONTROL_CMD,1,
3148890019,marker,PUB_MRM_EMERGENCY_STOP_OPERATOR_STATUS,1,
3149123631,marker,PATH_MRM_EMERGENCY_STOP_OPERATOR_ON_TIMER_EXIT,1,
3149133775,marker,PATH_STOP_MODE_OPERATOR_ON_TIMER_ENTRY,0,
3149154469,marker,PUB_STOP_MODE_OPERATOR_CONTROL,0,
3149251844,marker,PUB_STOP_MODE_OPERATOR_GEAR,0,
3149333312,marker,PUB_STOP_MODE_OPERATOR_TURN_INDICATORS,1,
3149519200,marker,PUB_STOP_MODE_OPERATOR_HAZARD_LIGHTS,1,
3149727831,marker,PATH_STOP_MODE_OPERATOR_ON_TIMER_EXIT,0,
3151281225,marker,TAKE_MRM_HANDLER_OPERATION_MODE_AVAILABILITY,1,
3182667969,marker,PATH_MRM_EMERGENCY_STOP_OPERATOR_ON_TIMER_ENTRY,1,
3182674694,marker,PUB_MRM_EMERGENCY_STOP_OPERATOR_EMERGENCY_CONTROL_CMD,1,
3182894456,marker,PUB_MRM_EMERGENCY_STOP_OPERATOR_STATUS,1,
3183129869,marker,PATH_MRM_EMERGENCY_STOP_OPERATOR_ON_TIMER_EXIT,1,
3183139656,marker,PATH_STOP_MODE_OPERATOR_ON_TIMER_ENTRY,0,
3183160050,marker,PUB_STOP_MODE_OPERATOR_CONTROL,0,
3183257819,marker,PUB_STOP_MODE_OPERATOR_GEAR,0,
3183339356,marker,PUB_STOP_MODE_OPERATOR_TURN_INDICATORS,1,
3183419550,marker,PUB_STOP_MODE_OPERATOR_HAZARD_LIGHTS,1,
3183494537,marker,PATH_STOP_MODE_OPERATOR_ON_TIMER_EXIT,0,
3199621156,heartbeat,,31,3200
3214751456,marker,PATH_MRM_EMERGENCY_STOP_OPERATOR_ON_TIMER_ENTRY,1,
3214771144,marker,PUB_MRM_EMERGENCY_STOP_OPERATOR_EMERGENCY_CONTROL_CMD,1,
3215410712,marker,PUB_MRM_EMERGENCY_STOP_OPERATOR_STATUS,1,
3216072787,marker,PATH_MRM_EMERGENCY_STOP_OPERATOR_ON_TIMER_EXIT,1,
3216102875,marker,PATH_STOP_MODE_OPERATOR_ON_TIMER_ENTRY,0,
3216156987,marker,PUB_STOP_MODE_OPERATOR_CONTROL,0,
3216346394,marker,PUB_STOP_MODE_OPERATOR_GEAR,0,
3216428344,marker,PUB_STOP_MODE_OPERATOR_TURN_INDICATORS,1,
3216508556,marker,PUB_STOP_MODE_OPERATOR_HAZARD_LIGHTS,1,
3216582587,marker,PATH_STOP_MODE_OPERATOR_ON_TIMER_EXIT,0,
3238636787,marker,PATH_MRM_COMFORTABLE_STOP_OPERATOR_ON_TIMER_ENTRY,1,
3238649019,marker,PUB_MRM_COMFORTABLE_STOP_OPERATOR_STATUS,1,
3238890831,marker,PATH_MRM_COMFORTABLE_STOP_OPERATOR_ON_TIMER_EXIT,1,
3238933100,marker,PATH_MRM_HANDLER_ON_TIMER_ENTRY,1,
3238960181,marker,PUB_MRM_HANDLER_MRM_STATE,65537,
3239041844,marker,PUB_MRM_HANDLER_TURN_INDICATORS_CMD,0,
3239120837,marker,PUB_MRM_HANDLER_HAZARD_LIGHTS_CMD,0,
3239198625,marker,PUB_MRM_HANDLER_GEAR_CMD_OUT,2,
3239275131,marker,PUB_MRM_HANDLER_EMERGENCY_HOLDING,0,
3239347412,marker,PATH_MRM_HANDLER_ON_TIMER_EXIT,1,
3247667350,marker,PATH_MRM_EMERGENCY_STOP_OPERATOR_ON_TIMER_ENTRY,1,
3247673962,marker,PUB_MRM_EMERGENCY_STOP_OPERATOR_EMERGENCY_CONTROL_CMD,1,
3247889612,marker,PUB_MRM_EMERGENCY_STOP_OPERATOR_STATUS,1,
3248122237,marker,PATH_MRM_EMERGENCY_STOP_OPERATOR_ON_TIMER_EXIT,1,
3248132606,marker,PATH_STOP_MODE_OPERATOR_ON_TIMER_ENTRY,0,
3248153144,marker,PUB_STOP_MODE_OPERATOR_CONTROL,0,
3248250875,marker,PUB_STOP_MODE_OPERATOR_GEAR,0,
3248333150,marker,PUB_STOP_MODE_OPERATOR_TURN_INDICATORS,1,
3248413275,marker,PUB_STOP_MODE_OPERATOR_HAZARD_LIGHTS,1,
3248487306,marker,PATH_STOP_MODE_OPERATOR_ON_TIMER_EXIT,0,
3250519319,marker,TAKE_MRM_HANDLER_OPERATION_MODE_AVAILABILITY,1,
3280667631,marker,PATH_MRM_EMERGENCY_STOP_OPERATOR_ON_TIMER_ENTRY,1,
3280674112,marker,PUB_MRM_EMERGENCY_STOP_OPERATOR_EMERGENCY_CONTROL_CMD,1,
3280889812,marker,PUB_MRM_EMERGENCY_STOP_OPERATOR_STATUS,1,
3281124212,marker,PATH_MRM_EMERGENCY_STOP_OPERATOR_ON_TIMER_EXIT,1,
3281134481,marker,PATH_STOP_MODE_OPERATOR_ON_TIMER_ENTRY,0,
3281154825,marker,PUB_STOP_MODE_OPERATOR_CONTROL,0,
3281254244,marker,PUB_STOP_MODE_OPERATOR_GEAR,0,
3281335794,marker,PUB_STOP_MODE_OPERATOR_TURN_INDICATORS,1,
3281415900,marker,PUB_STOP_MODE_OPERATOR_HAZARD_LIGHTS,1,
3281489094,marker,PATH_STOP_MODE_OPERATOR_ON_TIMER_EXIT,0,
3299622531,heartbeat,,32,3300
3313670556,marker,PATH_MRM_EMERGENCY_STOP_OPERATOR_ON_TIMER_ENTRY,1,
3313677244,marker,PUB_MRM_EMERGENCY_STOP_OPERATOR_EMERGENCY_CONTROL_CMD,1,
3313898800,marker,PUB_MRM_EMERGENCY_STOP_OPERATOR_STATUS,1,
3314134912,marker,PATH_MRM_EMERGENCY_STOP_OPERATOR_ON_TIMER_EXIT,1,
3314145100,marker,PATH_STOP_MODE_OPERATOR_ON_TIMER_ENTRY,0,
3314166112,marker,PUB_STOP_MODE_OPERATOR_CONTROL,0,
3314263712,marker,PUB_STOP_MODE_OPERATOR_GEAR,0,
3314345769,marker,PUB_STOP_MODE_OPERATOR_TURN_INDICATORS,1,
3314426287,marker,PUB_STOP_MODE_OPERATOR_HAZARD_LIGHTS,1,
3314500144,marker,PATH_STOP_MODE_OPERATOR_ON_TIMER_EXIT,0,
3338103231,marker,PATH_MRM_COMFORTABLE_STOP_OPERATOR_ON_TIMER_ENTRY,1,
3338115719,marker,PUB_MRM_COMFORTABLE_STOP_OPERATOR_STATUS,1,
3338352462,marker,PATH_MRM_COMFORTABLE_STOP_OPERATOR_ON_TIMER_EXIT,1,
3338414750,marker,PATH_MRM_HANDLER_ON_TIMER_ENTRY,1,
3338442300,marker,PUB_MRM_HANDLER_MRM_STATE,65537,
3338525306,marker,PUB_MRM_HANDLER_TURN_INDICATORS_CMD,0,
3338603575,marker,PUB_MRM_HANDLER_HAZARD_LIGHTS_CMD,0,
3338680731,marker,PUB_MRM_HANDLER_GEAR_CMD_OUT,2,
3338757556,marker,PUB_MRM_HANDLER_EMERGENCY_HOLDING,0,
3338829575,marker,PATH_MRM_HANDLER_ON_TIMER_EXIT,1,
3347688725,marker,PATH_MRM_EMERGENCY_STOP_OPERATOR_ON_TIMER_ENTRY,1,
3347695281,marker,PUB_MRM_EMERGENCY_STOP_OPERATOR_EMERGENCY_CONTROL_CMD,1,
3347917025,marker,PUB_MRM_EMERGENCY_STOP_OPERATOR_STATUS,1,
3348150850,marker,PATH_MRM_EMERGENCY_STOP_OPERATOR_ON_TIMER_EXIT,1,
3348193006,marker,PATH_STOP_MODE_OPERATOR_ON_TIMER_ENTRY,0,
3348213881,marker,PUB_STOP_MODE_OPERATOR_CONTROL,0,
3348313312,marker,PUB_STOP_MODE_OPERATOR_GEAR,0,
3348395169,marker,PUB_STOP_MODE_OPERATOR_TURN_INDICATORS,1,
3348476400,marker,PUB_STOP_MODE_OPERATOR_HAZARD_LIGHTS,1,
3348549362,marker,PATH_STOP_MODE_OPERATOR_ON_TIMER_EXIT,0,
3350397500,marker,TAKE_MRM_HANDLER_OPERATION_MODE_AVAILABILITY,1,
3379667462,marker,PATH_MRM_EMERGENCY_STOP_OPERATOR_ON_TIMER_ENTRY,1,
3379674512,marker,PUB_MRM_EMERGENCY_STOP_OPERATOR_EMERGENCY_CONTROL_CMD,1,
3379891462,marker,PUB_MRM_EMERGENCY_STOP_OPERATOR_STATUS,1,
3380126469,marker,PATH_MRM_EMERGENCY_STOP_OPERATOR_ON_TIMER_EXIT,1,
3380136675,marker,PATH_STOP_MODE_OPERATOR_ON_TIMER_ENTRY,0,
3380157325,marker,PUB_STOP_MODE_OPERATOR_CONTROL,0,
3380255056,marker,PUB_STOP_MODE_OPERATOR_GEAR,0,
3380336944,marker,PUB_STOP_MODE_OPERATOR_TURN_INDICATORS,1,
3380417681,marker,PUB_STOP_MODE_OPERATOR_HAZARD_LIGHTS,1,
3380491381,marker,PATH_STOP_MODE_OPERATOR_ON_TIMER_EXIT,0,
3399621500,heartbeat,,33,3400
3412772750,marker,PATH_MRM_EMERGENCY_STOP_OPERATOR_ON_TIMER_ENTRY,1,
3412791900,marker,PUB_MRM_EMERGENCY_STOP_OPERATOR_EMERGENCY_CONTROL_CMD,1,
3413339944,marker,PUB_MRM_EMERGENCY_STOP_OPERATOR_STATUS,1,
3413575175,marker,PATH_MRM_EMERGENCY_STOP_OPERATOR_ON_TIMER_EXIT,1,
3413585237,marker,PATH_STOP_MODE_OPERATOR_ON_TIMER_ENTRY,0,
3413605456,marker,PUB_STOP_MODE_OPERATOR_CONTROL,0,
3413704906,marker,PUB_STOP_MODE_OPERATOR_GEAR,0,
3413785794,marker,PUB_STOP_MODE_OPERATOR_TURN_INDICATORS,1,
3413865862,marker,PUB_STOP_MODE_OPERATOR_HAZARD_LIGHTS,1,
3413939912,marker,PATH_STOP_MODE_OPERATOR_ON_TIMER_EXIT,0,
3438064519,marker,PATH_MRM_COMFORTABLE_STOP_OPERATOR_ON_TIMER_ENTRY,1,
3438076987,marker,PUB_MRM_COMFORTABLE_STOP_OPERATOR_STATUS,1,
3438315356,marker,PATH_MRM_COMFORTABLE_STOP_OPERATOR_ON_TIMER_EXIT,1,
3438377912,marker,PATH_MRM_HANDLER_ON_TIMER_ENTRY,1,
3438405744,marker,PUB_MRM_HANDLER_MRM_STATE,65537,
3438487500,marker,PUB_MRM_HANDLER_TURN_INDICATORS_CMD,0,
3438566175,marker,PUB_MRM_HANDLER_HAZARD_LIGHTS_CMD,0,
3438643694,marker,PUB_MRM_HANDLER_GEAR_CMD_OUT,2,
3438720494,marker,PUB_MRM_HANDLER_EMERGENCY_HOLDING,0,
3438792569,marker,PATH_MRM_HANDLER_ON_TIMER_EXIT,1,
3446688125,marker,PATH_MRM_EMERGENCY_STOP_OPERATOR_ON_TIMER_ENTRY,1,
3446694575,marker,PUB_MRM_EMERGENCY_STOP_OPERATOR_EMERGENCY_CONTROL_CMD,1,
3446909925,marker,PUB_MRM_EMERGENCY_STOP_OPERATOR_STATUS,1,
3447143494,marker,PATH_MRM_EMERGENCY_STOP_OPERATOR_ON_TIMER_EXIT,1,
3447185294,marker,PATH_STOP_MODE_OPERATOR_ON_TIMER_ENTRY,0,
3447206075,marker,PUB_STOP_MODE_OPERATOR_CONTROL,0,
3447302200,marker,PUB_STOP_MODE_OPERATOR_GEAR,0,
3447382487,marker,PUB_STOP_MODE_OPERATOR_TURN_INDICATORS,1,
3447463387,marker,PUB_STOP_MODE_OPERATOR_HAZARD_LIGHTS,1,
3447536669,marker,PATH_STOP_MODE_OPERATOR_ON_TIMER_EXIT,0,
3454990506,marker,TAKE_MRM_HANDLER_OPERATION_MODE_AVAILABILITY,1,
3478668044,marker,PATH_MRM_EMERGENCY_STOP_OPERATOR_ON_TIMER_ENTRY,1,
3478675319,marker,PUB_MRM_EMERGENCY_STOP_OPERATOR_EMERGENCY_CONTROL_CMD,1,
3478894306,marker,PUB_MRM_EMERGENCY_STOP_OPERATOR_STATUS,1,
3479129431,marker,PATH_MRM_EMERGENCY_STOP_OPERATOR_ON_TIMER_EXIT,1,
3479139475,marker,PATH_STOP_MODE_OPERATOR_ON_TIMER_ENTRY,0,
3479159737,marker,PUB_STOP_MODE_OPERATOR_CONTROL,0,
3479258356,marker,PUB_STOP_MODE_OPERATOR_GEAR,0,
3479340450,marker,PUB_STOP_MODE_OPERATOR_TURN_INDICATORS,1,
3479420756,marker,PUB_STOP_MODE_OPERATOR_HAZARD_LIGHTS,1,
3479495656,marker,PATH_STOP_MODE_OPERATOR_ON_TIMER_EXIT,0,
3499623425,heartbeat,,34,3500
3511755656,marker,PATH_MRM_EMERGENCY_STOP_OPERATOR_ON_TIMER_ENTRY,1,
3511768675,marker,PUB_MRM_EMERGENCY_STOP_OPERATOR_EMERGENCY_CONTROL_CMD,1,
3512407637,marker,PUB_MRM_EMERGENCY_STOP_OPERATOR_STATUS,1,
3513067725,marker,PATH_MRM_EMERGENCY_STOP_OPERATOR_ON_TIMER_EXIT,1,
3513097812,marker,PATH_STOP_MODE_OPERATOR_ON_TIMER_ENTRY,0,
3513153569,marker,PUB_STOP_MODE_OPERATOR_CONTROL,0,
3513324562,marker,PUB_STOP_MODE_OPERATOR_GEAR,0,
3513406756,marker,PUB_STOP_MODE_OPERATOR_TURN_INDICATORS,1,
3513487337,marker,PUB_STOP_MODE_OPERATOR_HAZARD_LIGHTS,1,
3513561375,marker,PATH_STOP_MODE_OPERATOR_ON_TIMER_EXIT,0,
3538777044,marker,PATH_MRM_COMFORTABLE_STOP_OPERATOR_ON_TIMER_ENTRY,1,
3538809937,marker,PUB_MRM_COMFORTABLE_STOP_OPERATOR_STATUS,1,
3539490156,marker,PATH_MRM_COMFORTABLE_STOP_OPERATOR_ON_TIMER_EXIT,1,
3539513787,marker,PATH_MRM_HANDLER_ON_TIMER_ENTRY,1,
3539589506,marker,PUB_MRM_HANDLER_MRM_STATE,65537,
3539817587,marker,PUB_MRM_HANDLER_TURN_INDICATORS_CMD,0,
3540042231,marker,PUB_MRM_HANDLER_HAZARD_LIGHTS_CMD,0,
3540196569,marker,PUB_MRM_HANDLER_GEAR_CMD_OUT,2,
3540275400,marker,PUB_MRM_HANDLER_EMERGENCY_HOLDING,0,
3540347519,marker,PATH_MRM_HANDLER_ON_TIMER_EXIT,1,
3544668762,marker,PATH_MRM_EMERGENCY_STOP_OPERATOR_ON_TIMER_ENTRY,1,
3544675712,marker,PUB_MRM_EMERGENCY_STOP_OPERATOR_EMERGENCY_CONTROL_CMD,1,
3544890837,marker,PUB_MRM_EMERGENCY_STOP_OPERATOR_STATUS,1,
3545124944,marker,PATH_MRM_EMERGENCY_STOP_OPERATOR_ON_TIMER_EXIT,1,
3545134962,marker,PATH_STOP_MODE_OPERATOR_ON_TIMER_ENTRY,0,
3545155256,marker,PUB_STOP_MODE_OPERATOR_CONTROL,0,
3545251562,marker,PUB_STOP_MODE_OPERATOR_GEAR,0,
3545333094,marker,PUB_STOP_MODE_OPERATOR_TURN_INDICATORS,1,
3545413531,marker,PUB_STOP_MODE_OPERATOR_HAZARD_LIGHTS,1,
3545487031,marker,PATH_STOP_MODE_OPERATOR_ON_TIMER_EXIT,0,
3551313600,marker,TAKE_MRM_HANDLER_OPERATION_MODE_AVAILABILITY,1,
3577667769,marker,PATH_MRM_EMERGENCY_STOP_OPERATOR_ON_TIMER_ENTRY,1,
3577674775,marker,PUB_MRM_EMERGENCY_STOP_OPERATOR_EMERGENCY_CONTROL_CMD,1,
3577892625,marker,PUB_MRM_EMERGENCY_STOP_OPERATOR_STATUS,1,
3578127650,marker,PATH_MRM_EMERGENCY_STOP_OPERATOR_ON_TIMER_EXIT,1,
3578137562,marker,PATH_STOP_MODE_OPERATOR_ON_TIMER_ENTRY,0,
3578158069,marker,PUB_STOP_MODE_OPERATOR_CONTROL,0,
3578255662,marker,PUB_STOP_MODE_OPERATOR_GEAR,0,
3578338087,marker,PUB_STOP_MODE_OPERATOR_TURN_INDICATORS,1,
3578417806,marker,PUB_STOP_MODE_OPERATOR_HAZARD_LIGHTS,1,
3578491887,marker,PATH_STOP_MODE_OPERATOR_ON_TIMER_EXIT,0,
3599621519,heartbeat,,35,3600
3610767462,marker,PATH_MRM_EMERGENCY_STOP_OPERATOR_ON_TIMER_ENTRY,1,
3610780725,marker,PUB_MRM_EMERGENCY_STOP_OPERATOR_EMERGENCY_CONTROL_CMD,1,
3611407919,marker,PUB_MRM_EMERGENCY_STOP_OPERATOR_STATUS,1,
3612088612,marker,PATH_MRM_EMERGENCY_STOP_OPERATOR_ON_TIMER_EXIT,1,
3612112112,marker,PATH_STOP_MODE_OPERATOR_ON_TIMER_ENTRY,0,
3612166125,marker,PUB_STOP_MODE_OPERATOR_CONTROL,0,
3612446144,marker,PUB_STOP_MODE_OPERATOR_GEAR,0,
3612705900,marker,PUB_STOP_MODE_OPERATOR_TURN_INDICATORS,1,
3612935337,marker,PUB_STOP_MODE_OPERATOR_HAZARD_LIGHTS,1,
3613141469,marker,PATH_STOP_MODE_OPERATOR_ON_TIMER_EXIT,0,
3638182669,marker,PATH_MRM_COMFORTABLE_STOP_OPERATOR_ON_TIMER_ENTRY,1,
3638195456,marker,PUB_MRM_COMFORTABLE_STOP_OPERATOR_STATUS,1,
3638435787,marker,PATH_MRM_COMFORTABLE_STOP_OPERATOR_ON_TIMER_EXIT,1,
3638513862,marker,PATH_MRM_HANDLER_ON_TIMER_ENTRY,1,
3638539875,marker,PUB_MRM_HANDLER_MRM_STATE,65537,
3638622812,marker,PUB_MRM_HANDLER_TURN_INDICATORS_CMD,0,
3638700937,marker,PUB_MRM_HANDLER_HAZARD_LIGHTS_CMD,0,
3638779681,marker,PUB_MRM_HANDLER_GEAR_CMD_OUT,2,
3638856687,marker,PUB_MRM_HANDLER_EMERGENCY_HOLDING,0,
3638928506,marker,PATH_MRM_HANDLER_ON_TIMER_EXIT,1,
3643668431,marker,PATH_MRM_EMERGENCY_STOP_OPERATOR_ON_TIMER_ENTRY,1,
3643675437,marker,PUB_MRM_EMERGENCY_STOP_OPERATOR_EMERGENCY_CONTROL_CMD,1,
3643891250,marker,PUB_MRM_EMERGENCY_STOP_OPERATOR_STATUS,1,
3644124969,marker,PATH_MRM_EMERGENCY_STOP_OPERATOR_ON_TIMER_EXIT,1,
3644135531,marker,PATH_STOP_MODE_OPERATOR_ON_TIMER_ENTRY,0,
3644155550,marker,PUB_STOP_MODE_OPERATOR_CONTROL,0,
3644253356,marker,PUB_STOP_MODE_OPERATOR_GEAR,0,
3644334250,marker,PUB_STOP_MODE_OPERATOR_TURN_INDICATORS,1,
3644414450,marker,PUB_STOP_MODE_OPERATOR_HAZARD_LIGHTS,1,
3644487650,marker,PATH_STOP_MODE_OPERATOR_ON_TIMER_EXIT,0,
3650470956,marker,TAKE_MRM_HANDLER_OPERATION_MODE_AVAILABILITY,1,
3676667012,marker,PATH_MRM_EMERGENCY_STOP_OPERATOR_ON_TIMER_ENTRY,1,
3676673962,marker,PUB_MRM_EMERGENCY_STOP_OPERATOR_EMERGENCY_CONTROL_CMD,1,
3676895606,marker,PUB_MRM_EMERGENCY_STOP_OPERATOR_STATUS,1,
3677130687,marker,PATH_MRM_EMERGENCY_STOP_OPERATOR_ON_TIMER_EXIT,1,
3677140837,marker,PATH_STOP_MODE_OPERATOR_ON_TIMER_ENTRY,0,
3677161106,marker,PUB_STOP_MODE_OPERATOR_CONTROL,0,
3677258131,marker,PUB_STOP_MODE_OPERATOR_GEAR,0,
3677338700,marker,PUB_STOP_MODE_OPERATOR_TURN_INDICATORS,1,
3677419100,marker,PUB_STOP_MODE_OPERATOR_HAZARD_LIGHTS,1,
3677493537,marker,PATH_STOP_MODE_OPERATOR_ON_TIMER_EXIT,0,
3699621356,heartbeat,,36,3700
3709753906,marker,PATH_MRM_EMERGENCY_STOP_OPERATOR_ON_TIMER_ENTRY,1,
3709767069,marker,PUB_MRM_EMERGENCY_STOP_OPERATOR_EMERGENCY_CONTROL_CMD,1,
3710403237,marker,PUB_MRM_EMERGENCY_STOP_OPERATOR_STATUS,1,
3711075250,marker,PATH_MRM_EMERGENCY_STOP_OPERATOR_ON_TIMER_EXIT,1,
3711098594,marker,PATH_STOP_MODE_OPERATOR_ON_TIMER_ENTRY,0,
3711153212,marker,PUB_STOP_MODE_OPERATOR_CONTROL,0,
3711435056,marker,PUB_STOP_MODE_OPERATOR_GEAR,0,
3711673531,marker,PUB_STOP_MODE_OPERATOR_TURN_INDICATORS,1,
3711901431,marker,PUB_STOP_MODE_OPERATOR_HAZARD_LIGHTS,1,
3712114531,marker,PATH_STOP_MODE_OPERATOR_ON_TIMER_EXIT,0,
3739766075,marker,PATH_MRM_COMFORTABLE_STOP_OPERATOR_ON_TIMER_ENTRY,1,
3739806700,marker,PUB_MRM_COMFORTABLE_STOP_OPERATOR_STATUS,1,
3740179644,marker,PATH_MRM_COMFORTABLE_STOP_OPERATOR_ON_TIMER_EXIT,1,
3740190719,marker,PATH_MRM_HANDLER_ON_TIMER_ENTRY,1,
3740218362,marker,PUB_MRM_HANDLER_MRM_STATE,65537,
3740300337,marker,PUB_MRM_HANDLER_TURN_INDICATORS_CMD,0,
3740379869,marker,PUB_MRM_HANDLER_HAZARD_LIGHTS_CMD,0,
3740458737,marker,PUB_MRM_HANDLER_GEAR_CMD_OUT,2,
3740535400,marker,PUB_MRM_HANDLER_EMERGENCY_HOLDING,0,
3740607600,marker,PATH_MRM_HANDLER_ON_TIMER_EXIT,1,
3742666900,marker,PATH_MRM_EMERGENCY_STOP_OPERATOR_ON_TIMER_ENTRY,1,
3742673787,marker,PUB_MRM_EMERGENCY_STOP_OPERATOR_EMERGENCY_CONTROL_CMD,1,
3742890700,marker,PUB_MRM_EMERGENCY_STOP_OPERATOR_STATUS,1,
3743124675,marker,PATH_MRM_EMERGENCY_STOP_OPERATOR_ON_TIMER_EXIT,1,
3743135137,marker,PATH_STOP_MODE_OPERATOR_ON_TIMER_ENTRY,0,
3743155437,marker,PUB_STOP_MODE_OPERATOR_CONTROL,0,
3743253075,marker,PUB_STOP_MODE_OPERATOR_GEAR,0,
3743333700,marker,PUB_STOP_MODE_OPERATOR_TURN_INDICATORS,1,
3743413094,marker,PUB_STOP_MODE_OPERATOR_HAZARD_LIGHTS,1,
3743486200,marker,PATH_STOP_MODE_OPERATOR_ON_TIMER_EXIT,0,
3751147300,marker,TAKE_MRM_HANDLER_OPERATION_MODE_AVAILABILITY,1,
3778433881,marker,PATH_MRM_EMERGENCY_STOP_OPERATOR_ON_TIMER_ENTRY,1,
3778440881,marker,PUB_MRM_EMERGENCY_STOP_OPERATOR_EMERGENCY_CONTROL_CMD,1,
3778660287,marker,PUB_MRM_EMERGENCY_STOP_OPERATOR_STATUS,1,
3778895300,marker,PATH_MRM_EMERGENCY_STOP_OPERATOR_ON_TIMER_EXIT,1,
3778905606,marker,PATH_STOP_MODE_OPERATOR_ON_TIMER_ENTRY,0,
3778926400,marker,PUB_STOP_MODE_OPERATOR_CONTROL,0,
3779024069,marker,PUB_STOP_MODE_OPERATOR_GEAR,0,
3779106381,marker,PUB_STOP_MODE_OPERATOR_TURN_INDICATORS,1,
3779186481,marker,PUB_STOP_MODE_OPERATOR_HAZARD_LIGHTS,1,
3779260219,marker,PATH_STOP_MODE_OPERATOR_ON_TIMER_EXIT,0,
3799621106,heartbeat,,37,3800
3808755550,marker,PATH_MRM_EMERGENCY_STOP_OPERATOR_ON_TIMER_ENTRY,1,
3808775119,marker,PUB_MRM_EMERGENCY_STOP_OPERATOR_EMERGENCY_CONTROL_CMD,1,
3809404850,marker,PUB_MRM_EMERGENCY_STOP_OPERATOR_STATUS,1,
3810075356,marker,PATH_MRM_EMERGENCY_STOP_OPERATOR_ON_TIMER_EXIT,1,
3810098350,marker,PATH_STOP_MODE_OPERATOR_ON_TIMER_ENTRY,0,
3810152725,marker,PUB_STOP_MODE_OPERATOR_CONTROL,0,
3810442212,marker,PUB_STOP_MODE_OPERATOR_GEAR,0,
3810672044,marker,PUB_STOP_MODE_OPERATOR_TURN_INDICATORS,1,
3810899125,marker,PUB_STOP_MODE_OPERATOR_HAZARD_LIGHTS,1,
3811114106,marker,PATH_STOP_MODE_OPERATOR_ON_TIMER_EXIT,0,
3838103069,marker,PATH_MRM_COMFORTABLE_STOP_OPERATOR_ON_TIMER_ENTRY,1,
3838115544,marker,PUB_MRM_COMFORTABLE_STOP_OPERATOR_STATUS,1,
3838356931,marker,PATH_MRM_COMFORTABLE_STOP_OPERATOR_ON_TIMER_EXIT,1,
3838421437,marker,PATH_MRM_HANDLER_ON_TIMER_ENTRY,1,
3838449406,marker,PUB_MRM_HANDLER_MRM_STATE,65537,
3838531362,marker,PUB_MRM_HANDLER_TURN_INDICATORS_CMD,0,
3838609844,marker,PUB_MRM_HANDLER_HAZARD_LIGHTS_CMD,0,
3838687969,marker,PUB_MRM_HANDLER_GEAR_CMD_OUT,2,
3838766375,marker,PUB_MRM_HANDLER_EMERGENCY_HOLDING,0,
3838837881,marker,PATH_MRM_HANDLER_ON_TIMER_EXIT,1,
3841667394,marker,PATH_MRM_EMERGENCY_STOP_OPERATOR_ON_TIMER_ENTRY,1,
3841674475,marker,PUB_MRM_EMERGENCY_STOP_OPERATOR_EMERGENCY_CONTROL_CMD,1,
3841889544,marker,PUB_MRM_EMERGENCY_STOP_OPERATOR_STATUS,1,
3842121787,marker,PATH_MRM_EMERGENCY_STOP_OPERATOR_ON_TIMER_EXIT,1,
3842132169,marker,PATH_STOP_MODE_OPERATOR_ON_TIMER_ENTRY,0,
3842152306,marker,PUB_STOP_MODE_OPERATOR_CONTROL,0,
3842249081,marker,PUB_STOP_MODE_OPERATOR_GEAR,0,
3842331394,marker,PUB_STOP_MODE_OPERATOR_TURN_INDICATORS,1,
3842411544,marker,PUB_STOP_MODE_OPERATOR_HAZARD_LIGHTS,1,
3842485325,marker,PATH_STOP_MODE_OPERATOR_ON_TIMER_EXIT,0,
3852080294,marker,TAKE_MRM_HANDLER_OPERATION_MODE_AVAILABILITY,1,
3875766925,marker,PATH_MRM_EMERGENCY_STOP_OPERATOR_ON_TIMER_ENTRY,1,
3875780256,marker,PUB_MRM_EMERGENCY_STOP_OPERATOR_EMERGENCY_CONTROL_CMD,1,
3876406962,marker,PUB_MRM_EMERGENCY_STOP_OPERATOR_STATUS,1,
3877067850,marker,PATH_MRM_EMERGENCY_STOP_OPERATOR_ON_TIMER_EXIT,1,
3877097769,marker,PATH_STOP_MODE_OPERATOR_ON_TIMER_ENTRY,0,
3877152712,marker,PUB_STOP_MODE_OPERATOR_CONTROL,0,
3877434925,marker,PUB_STOP_MODE_OPERATOR_GEAR,0,
3877672381,marker,PUB_STOP_MODE_OPERATOR_TURN_INDICATORS,1,
3877899044,marker,PUB_STOP_MODE_OPERATOR_HAZARD_LIGHTS,1,
3878106119,marker,PATH_STOP_MODE_OPERATOR_ON_TIMER_EXIT,0,
3899621312,heartbeat,,38,3900
3907763525,marker,PATH_MRM_EMERGENCY_STOP_OPERATOR_ON_TIMER_ENTRY,1,
3907776669,marker,PUB_MRM_EMERGENCY_STOP_OPERATOR_EMERGENCY_CONTROL_CMD,1,
3908415856,marker,PUB_MRM_EMERGENCY_STOP_OPERATOR_STATUS,1,
3909084781,marker,PATH_MRM_EMERGENCY_STOP_OPERATOR_ON_TIMER_EXIT,1,
3909108125,marker,PATH_STOP_MODE_OPERATOR_ON_TIMER_ENTRY,0,
3909163900,marker,PUB_STOP_MODE_OPERATOR_CONTROL,0,
3909453569,marker,PUB_STOP_MODE_OPERATOR_GEAR,0,
3909683525,marker,PUB_STOP_MODE_OPERATOR_TURN_INDICATORS,1,
3909910481,marker,PUB_STOP_MODE_OPERATOR_HAZARD_LIGHTS,1,
3910125175,marker,PATH_STOP_MODE_OPERATOR_ON_TIMER_EXIT,0,
3938113431,marker,PATH_MRM_COMFORTABLE_STOP_OPERATOR_ON_TIMER_ENTRY,1,
3938125706,marker,PUB_MRM_COMFORTABLE_STOP_OPERATOR_STATUS,1,
3938363337,marker,PATH_MRM_COMFORTABLE_STOP_OPERATOR_ON_TIMER_EXIT,1,
3938426987,marker,PATH_MRM_HANDLER_ON_TIMER_ENTRY,1,
3938454700,marker,PUB_MRM_HANDLER_MRM_STATE,65537,
3938536850,marker,PUB_MRM_HANDLER_TURN_INDICATORS_CMD,0,
3938634656,marker,PUB_MRM_HANDLER_HAZARD_LIGHTS_CMD,0,
3938715019,marker,PUB_MRM_HANDLER_GEAR_CMD_OUT,2,
3938793787,marker,PUB_MRM_HANDLER_EMERGENCY_HOLDING,0,
3938866894,marker,PATH_MRM_HANDLER_ON_TIMER_EXIT,1,
3944689650,marker,PATH_MRM_EMERGENCY_STOP_OPERATOR_ON_TIMER_ENTRY,1,
3944695825,marker,PUB_MRM_EMERGENCY_STOP_OPERATOR_EMERGENCY_CONTROL_CMD,1,
3944917912,marker,PUB_MRM_EMERGENCY_STOP_OPERATOR_STATUS,1,
3945151587,marker,PATH_MRM_EMERGENCY_STOP_OPERATOR_ON_TIMER_EXIT,1,
3945194281,marker,PATH_STOP_MODE_OPERATOR_ON_TIMER_ENTRY,0,
3945214619,marker,PUB_STOP_MODE_OPERATOR_CONTROL,0,
3945313475,marker,PUB_STOP_MODE_OPERATOR_GEAR,0,
3945394744,marker,PUB_STOP_MODE_OPERATOR_TURN_INDICATORS,1,
3945476087,marker,PUB_STOP_MODE_OPERATOR_HAZARD_LIGHTS,1,
3945550462,marker,PATH_STOP_MODE_OPERATOR_ON_TIMER_EXIT,0,
3950252562,marker,TAKE_MRM_HANDLER_OPERATION_MODE_AVAILABILITY,1,
3974667119,marker,PATH_MRM_EMERGENCY_STOP_OPERATOR_ON_TIMER_ENTRY,1,
3974673844,marker,PUB_MRM_EMERGENCY_STOP_OPERATOR_EMERGENCY_CONTROL_CMD,1,
3974891337,marker,PUB_MRM_EMERGENCY_STOP_OPERATOR_STATUS,1,
3975125094,marker,PATH_MRM_EMERGENCY_STOP_OPERATOR_ON_TIMER_EXIT,1,
3975134975,marker,PATH_STOP_MODE_OPERATOR_ON_TIMER_ENTRY,0,
3975155587,marker,PUB_STOP_MODE_OPERATOR_CONTROL,0,
3975253712,marker,PUB_STOP_MODE_OPERATOR_GEAR,0,
3975334850,marker,PUB_STOP_MODE_OPERATOR_TURN_INDICATORS,1,
3975415362,marker,PUB_STOP_MODE_OPERATOR_HAZARD_LIGHTS,1,
3975490581,marker,PATH_STOP_MODE_OPERATOR_ON_TIMER_EXIT,0,
3999623769,heartbeat,,39,4000
4006766431,marker,PATH_MRM_EMERGENCY_STOP_OPERATOR_ON_TIMER_ENTRY,1,
4006779069,marker,PUB_MRM_EMERGENCY_STOP_OPERATOR_EMERGENCY_CONTROL_CMD,1,
4007417337,marker,PUB_MRM_EMERGENCY_STOP_OPERATOR_STATUS,1,
4008087944,marker,PATH_MRM_EMERGENCY_STOP_OPERATOR_ON_TIMER_EXIT,1,
4008110669,marker,PATH_STOP_MODE_OPERATOR_ON_TIMER_ENTRY,0,
4008164919,marker,PUB_STOP_MODE_OPERATOR_CONTROL,0,
4008445081,marker,PUB_STOP_MODE_OPERATOR_GEAR,0,
4008664287,marker,PUB_STOP_MODE_OPERATOR_TURN_INDICATORS,1,
4008891600,marker,PUB_STOP_MODE_OPERATOR_HAZARD_LIGHTS,1,
4009105125,marker,PATH_STOP_MODE_OPERATOR_ON_TIMER_EXIT,0,
4038104687,marker,PATH_MRM_COMFORTABLE_STOP_OPERATOR_ON_TIMER_ENTRY,1,
4038116144,marker,PUB_MRM_COMFORTABLE_STOP_OPERATOR_STATUS,1,
4038353887,marker,PATH_MRM_COMFORTABLE_STOP_OPERATOR_ON_TIMER_EXIT,1,
4038414744,marker,PATH_MRM_HANDLER_ON_TIMER_ENTRY,1,
4038441956,marker,PUB_MRM_HANDLER_MRM_STATE,65537,
4038523575,marker,PUB_MRM_HANDLER_TURN_INDICATORS_CMD,0,
4038601819,marker,PUB_MRM_HANDLER_HAZARD_LIGHTS_CMD,0,
4038679694,marker,PUB_MRM_HANDLER_GEAR_CMD_OUT,2,
4038756987,marker,PUB_MRM_HANDLER_EMERGENCY_HOLDING,0,
4038828619,marker,PATH_MRM_HANDLER_ON_TIMER_EXIT,1,
4040688069,marker,PATH_MRM_EMERGENCY_STOP_OPERATOR_ON_TIMER_ENTRY,1,
4040694131,marker,PUB_MRM_EMERGENCY_STOP_OPERATOR_EMERGENCY_CONTROL_CMD,1,
4040910400,marker,PUB_MRM_EMERGENCY_STOP_OPERATOR_STATUS,1,
4041143381,marker,PATH_MRM_EMERGENCY_STOP_OPERATOR_ON_TIMER_EXIT,1,
4041184731,marker,PATH_STOP_MODE_OPERATOR_ON_TIMER_ENTRY,0,
4041204319,marker,PUB_STOP_MODE_OPERATOR_CONTROL,0,
4041301431,marker,PUB_STOP_MODE_OPERATOR_GEAR,0,
4041381862,marker,PUB_STOP_MODE_OPERATOR_TURN_INDICATORS,1,
4041461400,marker,PUB_STOP_MODE_OPERATOR_HAZARD_LIGHTS,1,
4041536050,marker,PATH_STOP_MODE_OPERATOR_ON_TIMER_EXIT,0,
4053463087,marker,TAKE_MRM_HANDLER_OPERATION_MODE_AVAILABILITY,1,
4073667925,marker,PATH_MRM_EMERGENCY_STOP_OPERATOR_ON_TIMER_ENTRY,1,
4073674331,marker,PUB_MRM_EMERGENCY_STOP_OPERATOR_EMERGENCY_CONTROL_CMD,1,
4073893712,marker,PUB_MRM_EMERGENCY_STOP_OPERATOR_STATUS,1,
4074128956,marker,PATH_MRM_EMERGENCY_STOP_OPERATOR_ON_TIMER_EXIT,1,
4074139075,marker,PATH_STOP_MODE_OPERATOR_ON_TIMER_ENTRY,0,
4074159050,marker,PUB_STOP_MODE_OPERATOR_CONTROL,0,
4074257625,marker,PUB_STOP_MODE_OPERATOR_GEAR,0,
4074339900,marker,PUB_STOP_MODE_OPERATOR_TURN_INDICATORS,1,
4074420000,marker,PUB_STOP_MODE_OPERATOR_HAZARD_LIGHTS,1,
4074492969,marker,PATH_STOP_MODE_OPERATOR_ON_TIMER_EXIT,0,
4099621481,heartbeat,,40,4100
4105763275,marker,PATH_MRM_EMERGENCY_STOP_OPERATOR_ON_TIMER_ENTRY,1,
4105776275,marker,PUB_MRM_EMERGENCY_STOP_OPERATOR_EMERGENCY_CONTROL_CMD,1,
4106416331,marker,PUB_MRM_EMERGENCY_STOP_OPERATOR_STATUS,1,
4107086694,marker,PATH_MRM_EMERGENCY_STOP_OPERATOR_ON_TIMER_EXIT,1,
4107109800,marker,PATH_STOP_MODE_OPERATOR_ON_TIMER_ENTRY,0,
4107171725,marker,PUB_STOP_MODE_OPERATOR_CONTROL,0,
4107453456,marker,PUB_STOP_MODE_OPERATOR_GEAR,0,
4107682862,marker,PUB_STOP_MODE_OPERATOR_TURN_INDICATORS,1,
4107911000,marker,PUB_STOP_MODE_OPERATOR_HAZARD_LIGHTS,1,
4108125625,marker,PATH_STOP_MODE_OPERATOR_ON_TIMER_EXIT,0,
4138088825,marker,PATH_MRM_EMERGENCY_STOP_OPERATOR_ON_TIMER_ENTRY,1,
4138095050,marker,PUB_MRM_EMERGENCY_STOP_OPERATOR_EMERGENCY_CONTROL_CMD,1,
4138310750,marker,PUB_MRM_EMERGENCY_STOP_OPERATOR_STATUS,1,
4138545306,marker,PATH_MRM_EMERGENCY_STOP_OPERATOR_ON_TIMER_EXIT,1,
4138570725,marker,PATH_MRM_COMFORTABLE_STOP_OPERATOR_ON_TIMER_ENTRY,1,
4138581725,marker,PUB_MRM_COMFORTABLE_STOP_OPERATOR_STATUS,1,
4138813287,marker,PATH_MRM_COMFORTABLE_STOP_OPERATOR_ON_TIMER_EXIT,1,
4138859456,marker,PATH_STOP_MODE_OPERATOR_ON_TIMER_ENTRY,0,
4138879375,marker,PUB_STOP_MODE_OPERATOR_CONTROL,0,
4138975762,marker,PUB_STOP_MODE_OPERATOR_GEAR,0,
4139056169,marker,PUB_STOP_MODE_OPERATOR_TURN_INDICATORS,1,
4139136225,marker,PUB_STOP_MODE_OPERATOR_HAZARD_LIGHTS,1,
4139210237,marker,PATH_STOP_MODE_OPERATOR_ON_TIMER_EXIT,0,
4139234706,marker,PATH_MRM_HANDLER_ON_TIMER_ENTRY,1,
4139260612,marker,PUB_MRM_HANDLER_MRM_STATE,65537,
4139341069,marker,PUB_MRM_HANDLER_TURN_INDICATORS_CMD,0,
4139419894,marker,PUB_MRM_HANDLER_HAZARD_LIGHTS_CMD,0,
4139497156,marker,PUB_MRM_HANDLER_GEAR_CMD_OUT,2,
4139574700,marker,PUB_MRM_HANDLER_EMERGENCY_HOLDING,0,
4139647412,marker,PATH_MRM_HANDLER_ON_TIMER_EXIT,1,
4150433706,marker,TAKE_MRM_HANDLER_OPERATION_MODE_AVAILABILITY,1,
4171765594,marker,PATH_MRM_EMERGENCY_STOP_OPERATOR_ON_TIMER_ENTRY,1,
4171785175,marker,PUB_MRM_EMERGENCY_STOP_OPERATOR_EMERGENCY_CONTROL_CMD,1,
4172184544,marker,PUB_MRM_EMERGENCY_STOP_OPERATOR_STATUS,1,
4172416519,marker,PATH_MRM_EMERGENCY_STOP_OPERATOR_ON_TIMER_EXIT,1,
4172426725,marker,PATH_STOP_MODE_OPERATOR_ON_TIMER_ENTRY,0,
4172446631,marker,PUB_STOP_MODE_OPERATOR_CONTROL,0,
4172544012,marker,PUB_STOP_MODE_OPERATOR_GEAR,0,
4172625212,marker,PUB_STOP_MODE_OPERATOR_TURN_INDICATORS,1,
4172705594,marker,PUB_STOP_MODE_OPERATOR_HAZARD_LIGHTS,1,
4172779125,marker,PATH_STOP_MODE_OPERATOR_ON_TIMER_EXIT,0,
4199624687,heartbeat,,41,4200
4204773237,marker,PATH_MRM_EMERGENCY_STOP_OPERATOR_ON_TIMER_ENTRY,1,
4204786256,marker,PUB_MRM_EMERGENCY_STOP_OPERATOR_EMERGENCY_CONTROL_CMD,1,
4205414550,marker,PUB_MRM_EMERGENCY_STOP_OPERATOR_STATUS,1,
4206075875,marker,PATH_MRM_EMERGENCY_STOP_OPERATOR_ON_TIMER_EXIT,1,
4206105494,marker,PATH_STOP_MODE_OPERATOR_ON_TIMER_ENTRY,0,
4206160844,marker,PUB_STOP_MODE_OPERATOR_CONTROL,0,
4206442412,marker,PUB_STOP_MODE_OPERATOR_GEAR,0,
4206671475,marker,PUB_STOP_MODE_OPERATOR_TURN_INDICATORS,1,
4206898800,marker,PUB_STOP_MODE_OPERATOR_HAZARD_LIGHTS,1,
4207113587,marker,PATH_STOP_MODE_OPERATOR_ON_TIMER_EXIT,0,
4237063981,marker,PATH_MRM_EMERGENCY_STOP_OPERATOR_ON_TIMER_ENTRY,1,
4237070406,marker,PUB_MRM_EMERGENCY_STOP_OPERATOR_EMERGENCY_CONTROL_CMD,1,
4237292119,marker,PUB_MRM_EMERGENCY_STOP_OPERATOR_STATUS,1,
4237526106,marker,PATH_MRM_EMERGENCY_STOP_OPERATOR_ON_TIMER_EXIT,1,
4237590750,marker,PATH_STOP_MODE_OPERATOR_ON_TIMER_ENTRY,0,
4237610800,marker,PUB_STOP_MODE_OPERATOR_CONTROL,0,
4237708650,marker,PUB_STOP_MODE_OPERATOR_GEAR,0,
4237789569,marker,PUB_STOP_MODE_OPERATOR_TURN_INDICATORS,1,
4237870544,marker,PUB_STOP_MODE_OPERATOR_HAZARD_LIGHTS,1,
4237944944,marker,PATH_STOP_MODE_OPERATOR_ON_TIMER_EXIT,0,
4238395369,marker,PATH_MRM_COMFORTABLE_STOP_OPERATOR_ON_TIMER_ENTRY,1,
4238407237,marker,PUB_MRM_COMFORTABLE_STOP_OPERATOR_STATUS,1,
4238645094,marker,PATH_MRM_COMFORTABLE_STOP_OPERATOR_ON_TIMER_EXIT,1,
4238742919,marker,PATH_MRM_HANDLER_ON_TIMER_ENTRY,1,
4238768681,marker,PUB_MRM_HANDLER_MRM_STATE,65537,
4238850869,marker,PUB_MRM_HANDLER_TURN_INDICATORS_CMD,0,
4238929762,marker,PUB_MRM_HANDLER_HAZARD_LIGHTS_CMD,0,
4239006156,marker,PUB_MRM_HANDLER_GEAR_CMD_OUT,2,
4239083569,marker,PUB_MRM_HANDLER_EMERGENCY_HOLDING,0,
4239155556,marker,PATH_MRM_HANDLER_ON_TIMER_EXIT,1,
4252278912,marker,TAKE_MRM_HANDLER_OPERATION_MODE_AVAILABILITY,1,
4269988344,marker,PATH_MRM_EMERGENCY_STOP_OPERATOR_ON_TIMER_ENTRY,1,
4269994431,marker,PUB_MRM_EMERGENCY_STOP_OPERATOR_EMERGENCY_CONTROL_CMD,1,
4270215325,marker,PUB_MRM_EMERGENCY_STOP_OPERATOR_STATUS,1,
4270449081,marker,PATH_MRM_EMERGENCY_STOP_OPERATOR_ON_TIMER_EXIT,1,
4270512162,marker,PATH_STOP_MODE_OPERATOR_ON_TIMER_ENTRY,0,
4270556481,marker,PUB_STOP_MODE_OPERATOR_CONTROL,0,
4270838225,marker,PUB_STOP_MODE_OPERATOR_GEAR,0,
4271066837,marker,PUB_STOP_MODE_OPERATOR_TURN_INDICATORS,1,
4271293181,marker,PUB_STOP_MODE_OPERATOR_HAZARD_LIGHTS,1,
4271498919,marker,PATH_STOP_MODE_OPERATOR_ON_TIMER_EXIT,0,
4299621194,heartbeat,,42,4300
4303761856,marker,PATH_MRM_EMERGENCY_STOP_OPERATOR_ON_TIMER_ENTRY,1,
4303781344,marker,PUB_MRM_EMERGENCY_STOP_OPERATOR_EMERGENCY_CONTROL_CMD,1,
4304410531,marker,PUB_MRM_EMERGENCY_STOP_OPERATOR_STATUS,1,
4305079294,marker,PATH_MRM_EMERGENCY_STOP_OPERATOR_ON_TIMER_EXIT,1,
4305102262,marker,PATH_STOP_MODE_OPERATOR_ON_TIMER_ENTRY,0,
4305157694,marker,PUB_STOP_MODE_OPERATOR_CONTROL,0,
4305447275,marker,PUB_STOP_MODE_OPERATOR_GEAR,0,
4305685019,marker,PUB_STOP_MODE_OPERATOR_TURN_INDICATORS,1,
4305913950,marker,PUB_STOP_MODE_OPERATOR_HAZARD_LIGHTS,1,
4306121106,marker,PATH_STOP_MODE_OPERATOR_ON_TIMER_EXIT,0,
4336652187,marker,PATH_MRM_EMERGENCY_STOP_OPERATOR_ON_TIMER_ENTRY,1,
4336658225,marker,PUB_MRM_EMERGENCY_STOP_OPERATOR_EMERGENCY_CONTROL_CMD,1,
4336878750,marker,PUB_MRM_EMERGENCY_STOP_OPERATOR_STATUS,1,
4337113775,marker,PATH_MRM_EMERGENCY_STOP_OPERATOR_ON_TIMER_EXIT,1,
4337156344,marker,PATH_STOP_MODE_OPERATOR_ON_TIMER_ENTRY,0,
4337176769,marker,PUB_STOP_MODE_OPERATOR_CONTROL,0,
4337275275,marker,PUB_STOP_MODE_OPERATOR_GEAR,0,
4337356369,marker,PUB_STOP_MODE_OPERATOR_TURN_INDICATORS,1,
4337436869,marker,PUB_STOP_MODE_OPERATOR_HAZARD_LIGHTS,1,
4337510794,marker,PATH_STOP_MODE_OPERATOR_ON_TIMER_EXIT,0,
4337945381,marker,PATH_MRM_COMFORTABLE_STOP_OPERATOR_ON_TIMER_ENTRY,1,
4337957712,marker,PUB_MRM_COMFORTABLE_STOP_OPERATOR_STATUS,1,
4338194294,marker,PATH_MRM_COMFORTABLE_STOP_OPERATOR_ON_TIMER_EXIT,1,
4338279775,marker,PATH_MRM_HANDLER_ON_TIMER_ENTRY,1,
4338307756,marker,PUB_MRM_HANDLER_MRM_STATE,65537,
4338390669,marker,PUB_MRM_HANDLER_TURN_INDICATORS_CMD,0,
4338470087,marker,PUB_MRM_HANDLER_HAZARD_LIGHTS_CMD,0,
4338548187,marker,PUB_MRM_HANDLER_GEAR_CMD_OUT,2,
4338626144,marker,PUB_MRM_HANDLER_EMERGENCY_HOLDING,0,
4338697750,marker,PATH_MRM_HANDLER_ON_TIMER_EXIT,1,
4351019575,marker,TAKE_MRM_HANDLER_OPERATION_MODE_AVAILABILITY,1,
4370667500,marker,PATH_MRM_EMERGENCY_STOP_OPERATOR_ON_TIMER_ENTRY,1,
4370674131,marker,PUB_MRM_EMERGENCY_STOP_OPERATOR_EMERGENCY_CONTROL_CMD,1,
4371303456,marker,PUB_MRM_EMERGENCY_STOP_OPERATOR_STATUS,1,
4371937525,marker,PATH_MRM_EMERGENCY_STOP_OPERATOR_ON_TIMER_EXIT,1,
4371947556,marker,PATH_STOP_MODE_OPERATOR_ON_TIMER_ENTRY,0,
4371968675,marker,PUB_STOP_MODE_OPERATOR_CONTROL,0,
4372067612,marker,PUB_STOP_MODE_OPERATOR_GEAR,0,
4372149950,marker,PUB_STOP_MODE_OPERATOR_TURN_INDICATORS,1,
4372230944,marker,PUB_STOP_MODE_OPERATOR_HAZARD_LIGHTS,1,
4372304800,marker,PATH_STOP_MODE_OPERATOR_ON_TIMER_EXIT,0,
4399622081,heartbeat,,43,4400
4402765300,marker,PATH_MRM_EMERGENCY_STOP_OPERATOR_ON_TIMER_ENTRY,1,
4402784169,marker,PUB_MRM_EMERGENCY_STOP_OPERATOR_EMERGENCY_CONTROL_CMD,1,
4403424862,marker,PUB_MRM_EMERGENCY_STOP_OPERATOR_STATUS,1,
4404097694,marker,PATH_MRM_EMERGENCY_STOP_OPERATOR_ON_TIMER_EXIT,1,
4404128137,marker,PATH_STOP_MODE_OPERATOR_ON_TIMER_ENTRY,0,
4404182969,marker,PUB_STOP_MODE_OPERATOR_CONTROL,0,
4404465800,marker,PUB_STOP_MODE_OPERATOR_GEAR,0,
4404700775,marker,PUB_STOP_MODE_OPERATOR_TURN_INDICATORS,1,
4404927687,marker,PUB_STOP_MODE_OPERATOR_HAZARD_LIGHTS,1,
4405133969,marker,PATH_STOP_MODE_OPERATOR_ON_TIMER_EXIT,0,
4436642981,marker,PATH_MRM_EMERGENCY_STOP_OPERATOR_ON_TIMER_ENTRY,1,
4436649087,marker,PUB_MRM_EMERGENCY_STOP_OPERATOR_EMERGENCY_CONTROL_CMD,1,
4436869981,marker,PUB_MRM_EMERGENCY_STOP_OPERATOR_STATUS,1,
4437102962,marker,PATH_MRM_EMERGENCY_STOP_OPERATOR_ON_TIMER_EXIT,1,
4437145856,marker,PATH_STOP_MODE_OPERATOR_ON_TIMER_ENTRY,0,
4437166906,marker,PUB_STOP_MODE_OPERATOR_CONTROL,0,
4437264850,marker,PUB_STOP_MODE_OPERATOR_GEAR,0,
4437347412,marker,PUB_STOP_MODE_OPERATOR_TURN_INDICATORS,1,
4437428056,marker,PUB_STOP_MODE_OPERATOR_HAZARD_LIGHTS,1,
4437502556,marker,PATH_STOP_MODE_OPERATOR_ON_TIMER_EXIT,0,
4437955744,marker,PATH_MRM_COMFORTABLE_STOP_OPERATOR_ON_TIMER_ENTRY,1,
4437967969,marker,PUB_MRM_COMFORTABLE_STOP_OPERATOR_STATUS,1,
4438205431,marker,PATH_MRM_COMFORTABLE_STOP_OPERATOR_ON_TIMER_EXIT,1,
4438291675,marker,PATH_MRM_HANDLER_ON_TIMER_ENTRY,1,
4438319719,marker,PUB_MRM_HANDLER_MRM_STATE,65537,
4438402894,marker,PUB_MRM_HANDLER_TURN_INDICATORS_CMD,0,
4438482281,marker,PUB_MRM_HANDLER_HAZARD_LIGHTS_CMD,0,
4438560687,marker,PUB_MRM_HANDLER_GEAR_CMD_OUT,2,
4438637681,marker,PUB_MRM_HANDLER_EMERGENCY_HOLDING,0,
4438710456,marker,PATH_MRM_HANDLER_ON_TIMER_EXIT,1,
4450188219,marker,TAKE_MRM_HANDLER_OPERATION_MODE_AVAILABILITY,1,
4469771294,marker,PATH_MRM_EMERGENCY_STOP_OPERATOR_ON_TIMER_ENTRY,1,
4469784387,marker,PUB_MRM_EMERGENCY_STOP_OPERATOR_EMERGENCY_CONTROL_CMD,1,
4470412087,marker,PUB_MRM_EMERGENCY_STOP_OPERATOR_STATUS,1,
4471083687,marker,PATH_MRM_EMERGENCY_STOP_OPERATOR_ON_TIMER_EXIT,1,
4471114325,marker,PATH_STOP_MODE_OPERATOR_ON_TIMER_ENTRY,0,
4471169450,marker,PUB_STOP_MODE_OPERATOR_CONTROL,0,
4471451187,marker,PUB_STOP_MODE_OPERATOR_GEAR,0,
4471688331,marker,PUB_STOP_MODE_OPERATOR_TURN_INDICATORS,1,
4471916662,marker,PUB_STOP_MODE_OPERATOR_HAZARD_LIGHTS,1,
4472075075,marker,PATH_STOP_MODE_OPERATOR_ON_TIMER_EXIT,0,
4499621125,heartbeat,,44,4500
4502763931,marker,PATH_MRM_EMERGENCY_STOP_OPERATOR_ON_TIMER_ENTRY,1,
4502783419,marker,PUB_MRM_EMERGENCY_STOP_OPERATOR_EMERGENCY_CONTROL_CMD,1,
4503414637,marker,PUB_MRM_EMERGENCY_STOP_OPERATOR_STATUS,1,
4504086306,marker,PATH_MRM_EMERGENCY_STOP_OPERATOR_ON_TIMER_EXIT,1,
4504116187,marker,PATH_STOP_MODE_OPERATOR_ON_TIMER_ENTRY,0,
4504171887,marker,PUB_STOP_MODE_OPERATOR_CONTROL,0,
4504462987,marker,PUB_STOP_MODE_OPERATOR_GEAR,0,
4504692594,marker,PUB_STOP_MODE_OPERATOR_TURN_INDICATORS,1,
4504919819,marker,PUB_STOP_MODE_OPERATOR_HAZARD_LIGHTS,1,
4505133831,marker,PATH_STOP_MODE_OPERATOR_ON_TIMER_EXIT,0,
4535767419,marker,PATH_MRM_EMERGENCY_STOP_OPERATOR_ON_TIMER_ENTRY,1,
4535787325,marker,PUB_MRM_EMERGENCY_STOP_OPERATOR_EMERGENCY_CONTROL_CMD,1,
4536144400,marker,PUB_MRM_EMERGENCY_STOP_OPERATOR_STATUS,1,
4536376600,marker,PATH_MRM_EMERGENCY_STOP_OPERATOR_ON_TIMER_EXIT,1,
4536386756,marker,PATH_STOP_MODE_OPERATOR_ON_TIMER_ENTRY,0,
4536407712,marker,PUB_STOP_MODE_OPERATOR_CONTROL,0,
4536506056,marker,PUB_STOP_MODE_OPERATOR_GEAR,0,
4536587131,marker,PUB_STOP_MODE_OPERATOR_TURN_INDICATORS,1,
4536680169,marker,PUB_STOP_MODE_OPERATOR_HAZARD_LIGHTS,1,
4536754319,marker,PATH_STOP_MODE_OPERATOR_ON_TIMER_EXIT,0,
4541662062,marker,PATH_MRM_COMFORTABLE_STOP_OPERATOR_ON_TIMER_ENTRY,1,
4541673975,marker,PUB_MRM_COMFORTABLE_STOP_OPERATOR_STATUS,1,
4541917350,marker,PATH_MRM_COMFORTABLE_STOP_OPERATOR_ON_TIMER_EXIT,1,
4541982794,marker,PATH_MRM_HANDLER_ON_TIMER_ENTRY,1,
4542010981,marker,PUB_MRM_HANDLER_MRM_STATE,65537,
4542092437,marker,PUB_MRM_HANDLER_TURN_INDICATORS_CMD,0,
4542170562,marker,PUB_MRM_HANDLER_HAZARD_LIGHTS_CMD,0,
4542248694,marker,PUB_MRM_HANDLER_GEAR_CMD_OUT,2,
4542325500,marker,PUB_MRM_HANDLER_EMERGENCY_HOLDING,0,
4542397644,marker,PATH_MRM_HANDLER_ON_TIMER_EXIT,1,
4550432181,marker,TAKE_MRM_HANDLER_OPERATION_MODE_AVAILABILITY,1,
4568783394,marker,PATH_MRM_EMERGENCY_STOP_OPERATOR_ON_TIMER_ENTRY,1,
4568796800,marker,PUB_MRM_EMERGENCY_STOP_OPERATOR_EMERGENCY_CONTROL_CMD,1,
4569423569,marker,PUB_MRM_EMERGENCY_STOP_OPERATOR_STATUS,1,
4570102581,marker,PATH_MRM_EMERGENCY_STOP_OPERATOR_ON_TIMER_EXIT,1,
4570125650,marker,PATH_STOP_MODE_OPERATOR_ON_TIMER_ENTRY,0,
4570180481,marker,PUB_STOP_MODE_OPERATOR_CONTROL,0,
4570305187,marker,PUB_STOP_MODE_OPERATOR_GEAR,0,
4570387012,marker,PUB_STOP_MODE_OPERATOR_TURN_INDICATORS,1,
4570467525,marker,PUB_STOP_MODE_OPERATOR_HAZARD_LIGHTS,1,
4570540887,marker,PATH_STOP_MODE_OPERATOR_ON_TIMER_EXIT,0,
4599621144,heartbeat,,45,4600
4600666337,marker,PATH_MRM_EMERGENCY_STOP_OPERATOR_ON_TIMER_ENTRY,1,
4600672894,marker,PUB_MRM_EMERGENCY_STOP_OPERATOR_EMERGENCY_CONTROL_CMD,1,
4600894031,marker,PUB_MRM_EMERGENCY_STOP_OPERATOR_STATUS,1,
4601129206,marker,PATH_MRM_EMERGENCY_STOP_OPERATOR_ON_TIMER_EXIT,1,
4601139387,marker,PATH_STOP_MODE_OPERATOR_ON_TIMER_ENTRY,0,
4601160412,marker,PUB_STOP_MODE_OPERATOR_CONTROL,0,
4601257894,marker,PUB_STOP_MODE_OPERATOR_GEAR,0,
4601339969,marker,PUB_STOP_MODE_OPERATOR_TURN_INDICATORS,1,
4601420350,marker,PUB_STOP_MODE_OPERATOR_HAZARD_LIGHTS,1,
4601493906,marker,PATH_STOP_MODE_OPERATOR_ON_TIMER_EXIT,0,
4634776100,marker,PATH_MRM_EMERGENCY_STOP_OPERATOR_ON_TIMER_ENTRY,1,
4634789419,marker,PUB_MRM_EMERGENCY_STOP_OPERATOR_EMERGENCY_CONTROL_CMD,1,
4635416256,marker,PUB_MRM_EMERGENCY_STOP_OPERATOR_STATUS,1,
4636029669,marker,PATH_MRM_EMERGENCY_STOP_OPERATOR_ON_TIMER_EXIT,1,
4636039837,marker,PATH_STOP_MODE_OPERATOR_ON_TIMER_ENTRY,0,
4636060806,marker,PUB_STOP_MODE_OPERATOR_CONTROL,0,
4636159400,marker,PUB_STOP_MODE_OPERATOR_GEAR,0,
4636240862,marker,PUB_STOP_MODE_OPERATOR_TURN_INDICATORS,1,
4636321181,marker,PUB_STOP_MODE_OPERATOR_HAZARD_LIGHTS,1,
4636395319,marker,PATH_STOP_MODE_OPERATOR_ON_TIMER_EXIT,0,
4637984162,marker,PATH_MRM_COMFORTABLE_STOP_OPERATOR_ON_TIMER_ENTRY,1,
4637997031,marker,PUB_MRM_COMFORTABLE_STOP_OPERATOR_STATUS,1,
4638233294,marker,PATH_MRM_COMFORTABLE_STOP_OPERATOR_ON_TIMER_EXIT,1,
4638299050,marker,PATH_MRM_HANDLER_ON_TIMER_ENTRY,1,
4638326775,marker,PUB_MRM_HANDLER_MRM_STATE,65537,
4638409250,marker,PUB_MRM_HANDLER_TURN_INDICATORS_CMD,0,
4638488325,marker,PUB_MRM_HANDLER_HAZARD_LIGHTS_CMD,0,
4638565775,marker,PUB_MRM_HANDLER_GEAR_CMD_OUT,2,
4638644631,marker,PUB_MRM_HANDLER_EMERGENCY_HOLDING,0,
4638716856,marker,PATH_MRM_HANDLER_ON_TIMER_EXIT,1,
4651083094,marker,TAKE_MRM_HANDLER_OPERATION_MODE_AVAILABILITY,1,
4666781025,marker,PATH_MRM_EMERGENCY_STOP_OPERATOR_ON_TIMER_ENTRY,1,
4666794169,marker,PUB_MRM_EMERGENCY_STOP_OPERATOR_EMERGENCY_CONTROL_CMD,1,
4667433019,marker,PUB_MRM_EMERGENCY_STOP_OPERATOR_STATUS,1,
4668104719,marker,PATH_MRM_EMERGENCY_STOP_OPERATOR_ON_TIMER_EXIT,1,
4668134819,marker,PATH_STOP_MODE_OPERATOR_ON_TIMER_ENTRY,0,
4668190606,marker,PUB_STOP_MODE_OPERATOR_CONTROL,0,
4668472262,marker,PUB_STOP_MODE_OPERATOR_GEAR,0,
4668708181,marker,PUB_STOP_MODE_OPERATOR_TURN_INDICATORS,1,
4668927812,marker,PUB_STOP_MODE_OPERATOR_HAZARD_LIGHTS,1,
4669113419,marker,PATH_STOP_MODE_OPERATOR_ON_TIMER_EXIT,0,
4699621631,heartbeat,,46,4700
4702162100,marker,PATH_MRM_EMERGENCY_STOP_OPERATOR_ON_TIMER_ENTRY,1,
4702181894,marker,PUB_MRM_EMERGENCY_STOP_OPERATOR_EMERGENCY_CONTROL_CMD,1,
4702822712,marker,PUB_MRM_EMERGENCY_STOP_OPERATOR_STATUS,1,
4703491675,marker,PATH_MRM_EMERGENCY_STOP_OPERATOR_ON_TIMER_EXIT,1,
4703515031,marker,PATH_STOP_MODE_OPERATOR_ON_TIMER_ENTRY,0,
4703569844,marker,PUB_STOP_MODE_OPERATOR_CONTROL,0,
4703859669,marker,PUB_STOP_MODE_OPERATOR_GEAR,0,
4704088481,marker,PUB_STOP_MODE_OPERATOR_TURN_INDICATORS,1,
4704316019,marker,PUB_STOP_MODE_OPERATOR_HAZARD_LIGHTS,1,
4704523981,marker,PATH_STOP_MODE_OPERATOR_ON_TIMER_EXIT,0,
4733774262,marker,PATH_MRM_EMERGENCY_STOP_OPERATOR_ON_TIMER_ENTRY,1,
4733794300,marker,PUB_MRM_EMERGENCY_STOP_OPERATOR_EMERGENCY_CONTROL_CMD,1,
4734423319,marker,PUB_MRM_EMERGENCY_STOP_OPERATOR_STATUS,1,
4735104031,marker,PATH_MRM_EMERGENCY_STOP_OPERATOR_ON_TIMER_EXIT,1,
4735127169,marker,PATH_STOP_MODE_OPERATOR_ON_TIMER_ENTRY,0,
4735182144,marker,PUB_STOP_MODE_OPERATOR_CONTROL,0,
4735461862,marker,PUB_STOP_MODE_OPERATOR_GEAR,0,
4735691044,marker,PUB_STOP_MODE_OPERATOR_TURN_INDICATORS,1,
4735918756,marker,PUB_STOP_MODE_OPERATOR_HAZARD_LIGHTS,1,
4736041800,marker,PATH_STOP_MODE_OPERATOR_ON_TIMER_EXIT,0,
4737997631,marker,PATH_MRM_COMFORTABLE_STOP_OPERATOR_ON_TIMER_ENTRY,1,
4738010162,marker,PUB_MRM_COMFORTABLE_STOP_OPERATOR_STATUS,1,
4738246606,marker,PATH_MRM_COMFORTABLE_STOP_OPERATOR_ON_TIMER_EXIT,1,
4738312925,marker,PATH_MRM_HANDLER_ON_TIMER_ENTRY,1,
4738340800,marker,PUB_MRM_HANDLER_MRM_STATE,65537,
4738422237,marker,PUB_MRM_HANDLER_TURN_INDICATORS_CMD,0,
4738501544,marker,PUB_MRM_HANDLER_HAZARD_LIGHTS_CMD,0,
4738579769,marker,PUB_MRM_HANDLER_GEAR_CMD_OUT,2,
4738657806,marker,PUB_MRM_HANDLER_EMERGENCY_HOLDING,0,
4738730950,marker,PATH_MRM_HANDLER_ON_TIMER_EXIT,1,
4750242006,marker,TAKE_MRM_HANDLER_OPERATION_MODE_AVAILABILITY,1,
4765668156,marker,PATH_MRM_EMERGENCY_STOP_OPERATOR_ON_TIMER_ENTRY,1,
4765675325,marker,PUB_MRM_EMERGENCY_STOP_OPERATOR_EMERGENCY_CONTROL_CMD,1,
4765896350,marker,PUB_MRM_EMERGENCY_STOP_OPERATOR_STATUS,1,
4766130681,marker,PATH_MRM_EMERGENCY_STOP_OPERATOR_ON_TIMER_EXIT,1,
4766140825,marker,PATH_STOP_MODE_OPERATOR_ON_TIMER_ENTRY,0,
4766161862,marker,PUB_STOP_MODE_OPERATOR_CONTROL,0,
4766259881,marker,PUB_STOP_MODE_OPERATOR_GEAR,0,
4766341494,marker,PUB_STOP_MODE_OPERATOR_TURN_INDICATORS,1,
4766421862,marker,PUB_STOP_MODE_OPERATOR_HAZARD_LIGHTS,1,
4766617106,marker,PATH_STOP_MODE_OPERATOR_ON_TIMER_EXIT,0,
4797846206,marker,PATH_MRM_EMERGENCY_STOP_OPERATOR_ON_TIMER_ENTRY,1,
4797852431,marker,PUB_MRM_EMERGENCY_STOP_OPERATOR_EMERGENCY_CONTROL_CMD,1,
4798070944,marker,PUB_MRM_EMERGENCY_STOP_OPERATOR_STATUS,1,
4798303481,marker,PATH_MRM_EMERGENCY_STOP_OPERATOR_ON_TIMER_EXIT,1,
4798369550,marker,PATH_STOP_MODE_OPERATOR_ON_TIMER_ENTRY,0,
4798390575,marker,PUB_STOP_MODE_OPERATOR_CONTROL,0,
4798489150,marker,PUB_STOP_MODE_OPERATOR_GEAR,0,
4798569444,marker,PUB_STOP_MODE_OPERATOR_TURN_INDICATORS,1,
4798650925,marker,PUB_STOP_MODE_OPERATOR_HAZARD_LIGHTS,1,
4798725237,marker,PATH_STOP_MODE_OPERATOR_ON_TIMER_EXIT,0,
4799621050,heartbeat,,47,4800
4831779706,marker,PATH_MRM_EMERGENCY_STOP_OPERATOR_ON_TIMER_ENTRY,1,
4831793244,marker,PUB_MRM_EMERGENCY_STOP_OPERATOR_EMERGENCY_CONTROL_CMD,1,
4832431800,marker,PUB_MRM_EMERGENCY_STOP_OPERATOR_STATUS,1,
4833104350,marker,PATH_MRM_EMERGENCY_STOP_OPERATOR_ON_TIMER_EXIT,1,
4833134087,marker,PATH_STOP_MODE_OPERATOR_ON_TIMER_ENTRY,0,
4833188931,marker,PUB_STOP_MODE_OPERATOR_CONTROL,0,
4833470487,marker,PUB_STOP_MODE_OPERATOR_GEAR,0,
4833699875,marker,PUB_STOP_MODE_OPERATOR_TURN_INDICATORS,1,
4833926344,marker,PUB_STOP_MODE_OPERATOR_HAZARD_LIGHTS,1,
4834132850,marker,PATH_STOP_MODE_OPERATOR_ON_TIMER_EXIT,0,
4838123412,marker,PATH_MRM_COMFORTABLE_STOP_OPERATOR_ON_TIMER_ENTRY,1,
4838136056,marker,PUB_MRM_COMFORTABLE_STOP_OPERATOR_STATUS,1,
4838373406,marker,PATH_MRM_COMFORTABLE_STOP_OPERATOR_ON_TIMER_EXIT,1,
4838439469,marker,PATH_MRM_HANDLER_ON_TIMER_ENTRY,1,
4838467794,marker,PUB_MRM_HANDLER_MRM_STATE,65537,
4838549831,marker,PUB_MRM_HANDLER_TURN_INDICATORS_CMD,0,
4838629112,marker,PUB_MRM_HANDLER_HAZARD_LIGHTS_CMD,0,
4838706712,marker,PUB_MRM_HANDLER_GEAR_CMD_OUT,2,
4838783900,marker,PUB_MRM_HANDLER_EMERGENCY_HOLDING,0,
4838855437,marker,PATH_MRM_HANDLER_ON_TIMER_EXIT,1,
4850320394,marker,TAKE_MRM_HANDLER_OPERATION_MODE_AVAILABILITY,1,
4865425300,marker,PATH_MRM_EMERGENCY_STOP_OPERATOR_ON_TIMER_ENTRY,1,
4865432500,marker,PUB_MRM_EMERGENCY_STOP_OPERATOR_EMERGENCY_CONTROL_CMD,1,
4865653356,marker,PUB_MRM_EMERGENCY_STOP_OPERATOR_STATUS,1,
4865889725,marker,PATH_MRM_EMERGENCY_STOP_OPERATOR_ON_TIMER_EXIT,1,
4865900156,marker,PATH_STOP_MODE_OPERATOR_ON_TIMER_ENTRY,0,
4865920875,marker,PUB_STOP_MODE_OPERATOR_CONTROL,0,
4866019356,marker,PUB_STOP_MODE_OPERATOR_GEAR,0,
4866100994,marker,PUB_STOP_MODE_OPERATOR_TURN_INDICATORS,1,
4866181344,marker,PUB_STOP_MODE_OPERATOR_HAZARD_LIGHTS,1,
4866255312,marker,PATH_STOP_MODE_OPERATOR_ON_TIMER_EXIT,0,
4898766269,marker,PATH_MRM_EMERGENCY_STOP_OPERATOR_ON_TIMER_ENTRY,1,
4898785687,marker,PUB_MRM_EMERGENCY_STOP_OPERATOR_EMERGENCY_CONTROL_CMD,1,
4899417231,marker,PUB_MRM_EMERGENCY_STOP_OPERATOR_STATUS,1,
4899628850,heartbeat,,48,4900
4900139850,marker,PATH_MRM_EMERGENCY_STOP_OPERATOR_ON_TIMER_EXIT,1,
4900163150,marker,PATH_STOP_MODE_OPERATOR_ON_TIMER_ENTRY,0,
4900225569,marker,PUB_STOP_MODE_OPERATOR_CONTROL,0,
4900509031,marker,PUB_STOP_MODE_OPERATOR_GEAR,0,
4900745569,marker,PUB_STOP_MODE_OPERATOR_TURN_INDICATORS,1,
4900973181,marker,PUB_STOP_MODE_OPERATOR_HAZARD_LIGHTS,1,
4901118456,marker,PATH_STOP_MODE_OPERATOR_ON_TIMER_EXIT,0,
4930667725,marker,PATH_MRM_EMERGENCY_STOP_OPERATOR_ON_TIMER_ENTRY,1,
4930674406,marker,PUB_MRM_EMERGENCY_STOP_OPERATOR_EMERGENCY_CONTROL_CMD,1,
4931111662,marker,PUB_MRM_EMERGENCY_STOP_OPERATOR_STATUS,1,
4931782481,marker,PATH_MRM_EMERGENCY_STOP_OPERATOR_ON_TIMER_EXIT,1,
4931805412,marker,PATH_STOP_MODE_OPERATOR_ON_TIMER_ENTRY,0,
4931867612,marker,PUB_STOP_MODE_OPERATOR_CONTROL,0,
4932140981,marker,PUB_STOP_MODE_OPERATOR_GEAR,0,
4932377012,marker,PUB_STOP_MODE_OPERATOR_TURN_INDICATORS,1,
4932604706,marker,PUB_STOP_MODE_OPERATOR_HAZARD_LIGHTS,1,
4932813256,marker,PATH_STOP_MODE_OPERATOR_ON_TIMER_EXIT,0,
4938144306,marker,PATH_MRM_COMFORTABLE_STOP_OPERATOR_ON_TIMER_ENTRY,1,
4938156887,marker,PUB_MRM_COMFORTABLE_STOP_OPERATOR_STATUS,1,
4938394225,marker,PATH_MRM_COMFORTABLE_STOP_OPERATOR_ON_TIMER_EXIT,1,
4938460969,marker,PATH_MRM_HANDLER_ON_TIMER_ENTRY,1,
4938489106,marker,PUB_MRM_HANDLER_MRM_STATE,65537,
4938570837,marker,PUB_MRM_HANDLER_TURN_INDICATORS_CMD,0,
4938650487,marker,PUB_MRM_HANDLER_HAZARD_LIGHTS_CMD,0,
4938728394,marker,PUB_MRM_HANDLER_GEAR_CMD_OUT,2,
4938806837,marker,PUB_MRM_HANDLER_EMERGENCY_HOLDING,0,
4938880050,marker,PATH_MRM_HANDLER_ON_TIMER_EXIT,1,
4950394287,marker,TAKE_MRM_HANDLER_OPERATION_MODE_AVAILABILITY,1,
4964771437,marker,PATH_MRM_EMERGENCY_STOP_OPERATOR_ON_TIMER_ENTRY,1,
4964784556,marker,PUB_MRM_EMERGENCY_STOP_OPERATOR_EMERGENCY_CONTROL_CMD,1,
4965404319,marker,PUB_MRM_EMERGENCY_STOP_OPERATOR_STATUS,1,
4965636394,marker,PATH_MRM_EMERGENCY_STOP_OPERATOR_ON_TIMER_EXIT,1,
4965646681,marker,PATH_STOP_MODE_OPERATOR_ON_TIMER_ENTRY,0,
4965668475,marker,PUB_STOP_MODE_OPERATOR_CONTROL,0,
4965767419,marker,PUB_STOP_MODE_OPERATOR_GEAR,0,
4965848694,marker,PUB_STOP_MODE_OPERATOR_TURN_INDICATORS,1,
4965930125,marker,PUB_STOP_MODE_OPERATOR_HAZARD_LIGHTS,1,
4966004194,marker,PATH_STOP_MODE_OPERATOR_ON_TIMER_EXIT,0,
4997753600,marker,PATH_MRM_EMERGENCY_STOP_OPERATOR_ON_TIMER_ENTRY,1,
4997760381,marker,PUB_MRM_EMERGENCY_STOP_OPERATOR_EMERGENCY_CONTROL_CMD,1,
4997979850,marker,PUB_MRM_EMERGENCY_STOP_OPERATOR_STATUS,1,
4998215787,marker,PATH_MRM_EMERGENCY_STOP_OPERATOR_ON_TIMER_EXIT,1,
4998225862,marker,PATH_STOP_MODE_OPERATOR_ON_TIMER_ENTRY,0,
4998246594,marker,PUB_STOP_MODE_OPERATOR_CONTROL,0,
4998344137,marker,PUB_STOP_MODE_OPERATOR_GEAR,0,
4998425756,marker,PUB_STOP_MODE_OPERATOR_TURN_INDICATORS,1,
4998506256,marker,PUB_STOP_MODE_OPERATOR_HAZARD_LIGHTS,1,
4998581144,marker,PATH_STOP_MODE_OPERATOR_ON_TIMER_EXIT,0,
4999622287,heartbeat,,49,5000
5032779500,marker,PATH_MRM_EMERGENCY_STOP_OPERATOR_ON_TIMER_ENTRY,1,
5032798987,marker,PUB_MRM_EMERGENCY_STOP_OPERATOR_EMERGENCY_CONTROL_CMD,1,
5033429575,marker,PUB_MRM_EMERGENCY_STOP_OPERATOR_STATUS,1,
5034098569,marker,PATH_MRM_EMERGENCY_STOP_OPERATOR_ON_TIMER_EXIT,1,
5034121681,marker,PATH_STOP_MODE_OPERATOR_ON_TIMER_ENTRY,0,
5034175719,marker,PUB_STOP_MODE_OPERATOR_CONTROL,0,
5034448762,marker,PUB_STOP_MODE_OPERATOR_GEAR,0,
5034684825,marker,PUB_STOP_MODE_OPERATOR_TURN_INDICATORS,1,
5034911050,marker,PUB_STOP_MODE_OPERATOR_HAZARD_LIGHTS,1,
5035116550,marker,PATH_STOP_MODE_OPERATOR_ON_TIMER_EXIT,0,
5038007769,marker,PATH_MRM_COMFORTABLE_STOP_OPERATOR_ON_TIMER_ENTRY,1,
5038019525,marker,PUB_MRM_COMFORTABLE_STOP_OPERATOR_STATUS,1,
5038254956,marker,PATH_MRM_COMFORTABLE_STOP_OPERATOR_ON_TIMER_EXIT,1,
5038319875,marker,PATH_MRM_HANDLER_ON_TIMER_ENTRY,1,
5038347437,marker,PUB_MRM_HANDLER_MRM_STATE,65537,
5038429000,marker,PUB_MRM_HANDLER_TURN_INDICATORS_CMD,0,
5038508156,marker,PUB_MRM_HANDLER_HAZARD_LIGHTS_CMD,0,
5038587756,marker,PUB_MRM_HANDLER_GEAR_CMD_OUT,2,
5038665131,marker,PUB_MRM_HANDLER_EMERGENCY_HOLDING,0,
5038737200,marker,PATH_MRM_HANDLER_ON_TIMER_EXIT,1,
5050420169,marker,TAKE_MRM_HANDLER_OPERATION_MODE_AVAILABILITY,1,
5062667600,marker,PATH_MRM_EMERGENCY_STOP_OPERATOR_ON_TIMER_ENTRY,1,
5062674256,marker,PUB_MRM_EMERGENCY_STOP_OPERATOR_EMERGENCY_CONTROL_CMD,1,
5062891375,marker,PUB_MRM_EMERGENCY_STOP_OPERATOR_STATUS,1,
5063124169,marker,PATH_MRM_EMERGENCY_STOP_OPERATOR_ON_TIMER_EXIT,1,
5063134294,marker,PATH_STOP_MODE_OPERATOR_ON_TIMER_ENTRY,0,
5063153981,marker,PUB_STOP_MODE_OPERATOR_CONTROL,0,
5063250581,marker,PUB_STOP_MODE_OPERATOR_GEAR,0,
5063331619,marker,PUB_STOP_MODE_OPERATOR_TURN_INDICATORS,1,
5063411794,marker,PUB_STOP_MODE_OPERATOR_HAZARD_LIGHTS,1,
5063485337,marker,PATH_STOP_MODE_OPERATOR_ON_TIMER_EXIT,0,
5094770081,marker,PATH_MRM_EMERGENCY_STOP_OPERATOR_ON_TIMER_ENTRY,1,
5094789187,marker,PUB_MRM_EMERGENCY_STOP_OPERATOR_EMERGENCY_CONTROL_CMD,1,
5095417600,marker,PUB_MRM_EMERGENCY_STOP_OPERATOR_STATUS,1,
5096080369,marker,PATH_MRM_EMERGENCY_STOP_OPERATOR_ON_TIMER_EXIT,1,
5096110550,marker,PATH_STOP_MODE_OPERATOR_ON_TIMER_ENTRY,0,
5096165112,marker,PUB_STOP_MODE_OPERATOR_CONTROL,0,
5096446919,marker,PUB_STOP_MODE_OPERATOR_GEAR,0,
5096675500,marker,PUB_STOP_MODE_OPERATOR_TURN_INDICATORS,1,
5096911762,marker,PUB_STOP_MODE_OPERATOR_HAZARD_LIGHTS,1,
5097021762,marker,PATH_STOP_MODE_OPERATOR_ON_TIMER_EXIT,0,
5099621119,heartbeat,,50,5100
5128667969,marker,PATH_MRM_EMERGENCY_STOP_OPERATOR_ON_TIMER_ENTRY,1,
5128674787,marker,PUB_MRM_EMERGENCY_STOP_OPERATOR_EMERGENCY_CONTROL_CMD,1,
5128890869,marker,PUB_MRM_EMERGENCY_STOP_OPERATOR_STATUS,1,
5129124650,marker,PATH_MRM_EMERGENCY_STOP_OPERATOR_ON_TIMER_EXIT,1,
5129134906,marker,PATH_STOP_MODE_OPERATOR_ON_TIMER_ENTRY,0,
5129156150,marker,PUB_STOP_MODE_OPERATOR_CONTROL,0,
5129255087,marker,PUB_STOP_MODE_OPERATOR_GEAR,0,
5129336875,marker,PUB_STOP_MODE_OPERATOR_TURN_INDICATORS,1,
5129417387,marker,PUB_STOP_MODE_OPERATOR_HAZARD_LIGHTS,1,
5129490619,marker,PATH_STOP_MODE_OPERATOR_ON_TIMER_EXIT,0,
5139709012,marker,PATH_MRM_COMFORTABLE_STOP_OPERATOR_ON_TIMER_ENTRY,1,
5139721562,marker,PUB_MRM_COMFORTABLE_STOP_OPERATOR_STATUS,1,
5139962419,marker,PATH_MRM_COMFORTABLE_STOP_OPERATOR_ON_TIMER_EXIT,1,
5140027206,marker,PATH_MRM_HANDLER_ON_TIMER_ENTRY,1,
5140055219,marker,PUB_MRM_HANDLER_MRM_STATE,65537,
5140137831,marker,PUB_MRM_HANDLER_TURN_INDICATORS_CMD,0,
5140216287,marker,PUB_MRM_HANDLER_HAZARD_LIGHTS_CMD,0,
5140293912,marker,PUB_MRM_HANDLER_GEAR_CMD_OUT,2,
5140371519,marker,PUB_MRM_HANDLER_EMERGENCY_HOLDING,0,
5140443481,marker,PATH_MRM_HANDLER_ON_TIMER_EXIT,1,
5150424850,marker,TAKE_MRM_HANDLER_OPERATION_MODE_AVAILABILITY,1,
5160775081,marker,PATH_MRM_EMERGENCY_STOP_OPERATOR_ON_TIMER_ENTRY,1,
5160794656,marker,PUB_MRM_EMERGENCY_STOP_OPERATOR_EMERGENCY_CONTROL_CMD,1,
5161265375,marker,PUB_MRM_EMERGENCY_STOP_OPERATOR_STATUS,1,
5161498719,marker,PATH_MRM_EMERGENCY_STOP_OPERATOR_ON_TIMER_EXIT,1,
5161508606,marker,PATH_STOP_MODE_OPERATOR_ON_TIMER_ENTRY,0,
5161529681,marker,PUB_STOP_MODE_OPERATOR_CONTROL,0,
5161627231,marker,PUB_STOP_MODE_OPERATOR_GEAR,0,
5161708325,marker,PUB_STOP_MODE_OPERATOR_TURN_INDICATORS,1,
5161788537,marker,PUB_STOP_MODE_OPERATOR_HAZARD_LIGHTS,1,
5161863169,marker,PATH_STOP_MODE_OPERATOR_ON_TIMER_EXIT,0,
5193768294,marker,PATH_MRM_EMERGENCY_STOP_OPERATOR_ON_TIMER_ENTRY,1,
5193788106,marker,PUB_MRM_EMERGENCY_STOP_OPERATOR_EMERGENCY_CONTROL_CMD,1,
5194427031,marker,PUB_MRM_EMERGENCY_STOP_OPERATOR_STATUS,1,
5195089800,marker,PATH_MRM_EMERGENCY_STOP_OPERATOR_ON_TIMER_EXIT,1,
5195119650,marker,PATH_STOP_MODE_OPERATOR_ON_TIMER_ENTRY,0,
5195174744,marker,PUB_STOP_MODE_OPERATOR_CONTROL,0,
5195455419,marker,PUB_STOP_MODE_OPERATOR_GEAR,0,
5195684412,marker,PUB_STOP_MODE_OPERATOR_TURN_INDICATORS,1,
5195912037,marker,PUB_STOP_MODE_OPERATOR_HAZARD_LIGHTS,1,
5196126781,marker,PATH_STOP_MODE_OPERATOR_ON_TIMER_EXIT,0,
5199622912,heartbeat,,51,5200
5227760969,marker,PATH_MRM_EMERGENCY_STOP_OPERATOR_ON_TIMER_ENTRY,1,
5227780487,marker,PUB_MRM_EMERGENCY_STOP_OPERATOR_EMERGENCY_CONTROL_CMD,1,
5228400956,marker,PUB_MRM_EMERGENCY_STOP_OPERATOR_STATUS,1,
5229068981,marker,PATH_MRM_EMERGENCY_STOP_OPERATOR_ON_TIMER_EXIT,1,
5229092094,marker,PATH_STOP_MODE_OPERATOR_ON_TIMER_ENTRY,0,
5229147037,marker,PUB_STOP_MODE_OPERATOR_CONTROL,0,
5229331512,marker,PUB_STOP_MODE_OPERATOR_GEAR,0,
5229412987,marker,PUB_STOP_MODE_OPERATOR_TURN_INDICATORS,1,
5229494137,marker,PUB_STOP_MODE_OPERATOR_HAZARD_LIGHTS,1,
5229568281,marker,PATH_STOP_MODE_OPERATOR_ON_TIMER_EXIT,0,
5238675969,marker,PATH_MRM_COMFORTABLE_STOP_OPERATOR_ON_TIMER_ENTRY,1,
5238688969,marker,PUB_MRM_COMFORTABLE_STOP_OPERATOR_STATUS,1,
5238925844,marker,PATH_MRM_COMFORTABLE_STOP_OPERATOR_ON_TIMER_EXIT,1,
5238936500,marker,PATH_MRM_HANDLER_ON_TIMER_ENTRY,1,
5238963850,marker,PUB_MRM_HANDLER_MRM_STATE,65537,
5239045675,marker,PUB_MRM_HANDLER_TURN_INDICATORS_CMD,0,
5239125162,marker,PUB_MRM_HANDLER_HAZARD_LIGHTS_CMD,0,
5239204525,marker,PUB_MRM_HANDLER_GEAR_CMD_OUT,2,
5239282531,marker,PUB_MRM_HANDLER_EMERGENCY_HOLDING,0,
5239353725,marker,PATH_MRM_HANDLER_ON_TIMER_EXIT,1,
5250275719,marker,TAKE_MRM_HANDLER_OPERATION_MODE_AVAILABILITY,1,
5260764650,marker,PATH_MRM_EMERGENCY_STOP_OPERATOR_ON_TIMER_ENTRY,1,
5260784100,marker,PUB_MRM_EMERGENCY_STOP_OPERATOR_EMERGENCY_CONTROL_CMD,1,
5261425312,marker,PUB_MRM_EMERGENCY_STOP_OPERATOR_STATUS,1,
5262096081,marker,PATH_MRM_EMERGENCY_STOP_OPERATOR_ON_TIMER_EXIT,1,
5262126369,marker,PATH_STOP_MODE_OPERATOR_ON_TIMER_ENTRY,0,
5262180931,marker,PUB_STOP_MODE_OPERATOR_CONTROL,0,
5262321337,marker,PUB_STOP_MODE_OPERATOR_GEAR,0,
5262402962,marker,PUB_STOP_MODE_OPERATOR_TURN_INDICATORS,1,
5262483831,marker,PUB_STOP_MODE_OPERATOR_HAZARD_LIGHTS,1,
5262557837,marker,PATH_STOP_MODE_OPERATOR_ON_TIMER_EXIT,0,
5294772944,marker,PATH_MRM_EMERGENCY_STOP_OPERATOR_ON_TIMER_ENTRY,1,
5294785781,marker,PUB_MRM_EMERGENCY_STOP_OPERATOR_EMERGENCY_CONTROL_CMD,1,
5295411456,marker,PUB_MRM_EMERGENCY_STOP_OPERATOR_STATUS,1,
5296074044,marker,PATH_MRM_EMERGENCY_STOP_OPERATOR_ON_TIMER_EXIT,1,
5296090894,marker,PATH_STOP_MODE_OPERATOR_ON_TIMER_ENTRY,0,
5296111425,marker,PUB_STOP_MODE_OPERATOR_CONTROL,0,
5296209175,marker,PUB_STOP_MODE_OPERATOR_GEAR,0,
5296290737,marker,PUB_STOP_MODE_OPERATOR_TURN_INDICATORS,1,
5296372700,marker,PUB_STOP_MODE_OPERATOR_HAZARD_LIGHTS,1,
5296446300,marker,PATH_STOP_MODE_OPERATOR_ON_TIMER_EXIT,0,
5299621906,heartbeat,,52,5300
5326668306,marker,PATH_MRM_EMERGENCY_STOP_OPERATOR_ON_TIMER_ENTRY,1,
5326675287,marker,PUB_MRM_EMERGENCY_STOP_OPERATOR_EMERGENCY_CONTROL_CMD,1,
5326894606,marker,PUB_MRM_EMERGENCY_STOP_OPERATOR_STATUS,1,
5327127412,marker,PATH_MRM_EMERGENCY_STOP_OPERATOR_ON_TIMER_EXIT,1,
5327137544,marker,PATH_STOP_MODE_OPERATOR_ON_TIMER_ENTRY,0,
5327157931,marker,PUB_STOP_MODE_OPERATOR_CONTROL,0,
5327256481,marker,PUB_STOP_MODE_OPERATOR_GEAR,0,
5327338775,marker,PUB_STOP_MODE_OPERATOR_TURN_INDICATORS,1,
5327420425,marker,PUB_STOP_MODE_OPERATOR_HAZARD_LIGHTS,1,
5327494094,marker,PATH_STOP_MODE_OPERATOR_ON_TIMER_EXIT,0,
5337839631,marker,PATH_MRM_COMFORTABLE_STOP_OPERATOR_ON_TIMER_ENTRY,1,
5337851769,marker,PUB_MRM_COMFORTABLE_STOP_OPERATOR_STATUS,1,
5338089437,marker,PATH_MRM_COMFORTABLE_STOP_OPERATOR_ON_TIMER_EXIT,1,
5338154100,marker,PATH_MRM_HANDLER_ON_TIMER_ENTRY,1,
5338181375,marker,PUB_MRM_HANDLER_MRM_STATE,65537,
5338262975,marker,PUB_MRM_HANDLER_TURN_INDICATORS_CMD,0,
5338342731,marker,PUB_MRM_HANDLER_HAZARD_LIGHTS_CMD,0,
5338420081,marker,PUB_MRM_HANDLER_GEAR_CMD_OUT,2,
5338497181,marker,PUB_MRM_HANDLER_EMERGENCY_HOLDING,0,
5338570581,marker,PATH_MRM_HANDLER_ON_TIMER_EXIT,1,
5350495869,marker,TAKE_MRM_HANDLER_OPERATION_MODE_AVAILABILITY,1,
5359778494,marker,PATH_MRM_EMERGENCY_STOP_OPERATOR_ON_TIMER_ENTRY,1,
5359791419,marker,PUB_MRM_EMERGENCY_STOP_OPERATOR_EMERGENCY_CONTROL_CMD,1,
5360439737,marker,PUB_MRM_EMERGENCY_STOP_OPERATOR_STATUS,1,
5360809569,marker,PATH_MRM_EMERGENCY_STOP_OPERATOR_ON_TIMER_EXIT,1,
5360819887,marker,PATH_STOP_MODE_OPERATOR_ON_TIMER_ENTRY,0,
5360840381,marker,PUB_STOP_MODE_OPERATOR_CONTROL,0,
5360938137,marker,PUB_STOP_MODE_OPERATOR_GEAR,0,
5361019512,marker,PUB_STOP_MODE_OPERATOR_TURN_INDICATORS,1,
5361100000,marker,PUB_STOP_MODE_OPERATOR_HAZARD_LIGHTS,1,
5361174356,marker,PATH_STOP_MODE_OPERATOR_ON_TIMER_EXIT,0,
5393770056,marker,PATH_MRM_EMERGENCY_STOP_OPERATOR_ON_TIMER_ENTRY,1,
5393783219,marker,PUB_MRM_EMERGENCY_STOP_OPERATOR_EMERGENCY_CONTROL_CMD,1,
5394193156,marker,PUB_MRM_EMERGENCY_STOP_OPERATOR_STATUS,1,
5394425350,marker,PATH_MRM_EMERGENCY_STOP_OPERATOR_ON_TIMER_EXIT,1,
5394435444,marker,PATH_STOP_MODE_OPERATOR_ON_TIMER_ENTRY,0,
5394455587,marker,PUB_STOP_MODE_OPERATOR_CONTROL,0,
5394553425,marker,PUB_STOP_MODE_OPERATOR_GEAR,0,
5394633412,marker,PUB_STOP_MODE_OPERATOR_TURN_INDICATORS,1,
5394713381,marker,PUB_STOP_MODE_OPERATOR_HAZARD_LIGHTS,1,
5394786462,marker,PATH_STOP_MODE_OPERATOR_ON_TIMER_EXIT,0,
5399626387,heartbeat,,53,5400
5425680256,marker,PATH_MRM_EMERGENCY_STOP_OPERATOR_ON_TIMER_ENTRY,1,
5425687250,marker,PUB_MRM_EMERGENCY_STOP_OPERATOR_EMERGENCY_CONTROL_CMD,1,
5425957362,marker,PUB_MRM_EMERGENCY_STOP_OPERATOR_STATUS,1,
5426192025,marker,PATH_MRM_EMERGENCY_STOP_OPERATOR_ON_TIMER_EXIT,1,
5426202312,marker,PATH_STOP_MODE_OPERATOR_ON_TIMER_ENTRY,0,
5426223100,marker,PUB_STOP_MODE_OPERATOR_CONTROL,0,
5426320856,marker,PUB_STOP_MODE_OPERATOR_GEAR,0,
5426401806,marker,PUB_STOP_MODE_OPERATOR_TURN_INDICATORS,1,
5426482075,marker,PUB_STOP_MODE_OPERATOR_HAZARD_LIGHTS,1,
5426555412,marker,PATH_STOP_MODE_OPERATOR_ON_TIMER_EXIT,0,
5438084525,marker,PATH_MRM_COMFORTABLE_STOP_OPERATOR_ON_TIMER_ENTRY,1,
5438096712,marker,PUB_MRM_COMFORTABLE_STOP_OPERATOR_STATUS,1,
5438335100,marker,PATH_MRM_COMFORTABLE_STOP_OPERATOR_ON_TIMER_EXIT,1,
5438399100,marker,PATH_MRM_HANDLER_ON_TIMER_ENTRY,1,
5438427181,marker,PUB_MRM_HANDLER_MRM_STATE,65537,
5438509587,marker,PUB_MRM_HANDLER_TURN_INDICATORS_CMD,0,
5438588037,marker,PUB_MRM_HANDLER_HAZARD_LIGHTS_CMD,0,
5438666156,marker,PUB_MRM_HANDLER_GEAR_CMD_OUT,2,
5438744519,marker,PUB_MRM_HANDLER_EMERGENCY_HOLDING,0,
5438816250,marker,PATH_MRM_HANDLER_ON_TIMER_EXIT,1,
5450479956,marker,TAKE_MRM_HANDLER_OPERATION_MODE_AVAILABILITY,1,
5459765581,marker,PATH_MRM_EMERGENCY_STOP_OPERATOR_ON_TIMER_ENTRY,1,
5459785381,marker,PUB_MRM_EMERGENCY_STOP_OPERATOR_EMERGENCY_CONTROL_CMD,1,
5460413356,marker,PUB_MRM_EMERGENCY_STOP_OPERATOR_STATUS,1,
5460935981,marker,PATH_MRM_EMERGENCY_STOP_OPERATOR_ON_TIMER_EXIT,1,
5460946050,marker,PATH_STOP_MODE_OPERATOR_ON_TIMER_ENTRY,0,
5460966831,marker,PUB_STOP_MODE_OPERATOR_CONTROL,0,
5461064987,marker,PUB_STOP_MODE_OPERATOR_GEAR,0,
5461146650,marker,PUB_STOP_MODE_OPERATOR_TURN_INDICATORS,1,
5461227094,marker,PUB_STOP_MODE_OPERATOR_HAZARD_LIGHTS,1,
5461300244,marker,PATH_STOP_MODE_OPERATOR_ON_TIMER_EXIT,0,
5492754162,marker,PATH_MRM_EMERGENCY_STOP_OPERATOR_ON_TIMER_ENTRY,1,
5492773644,marker,PUB_MRM_EMERGENCY_STOP_OPERATOR_EMERGENCY_CONTROL_CMD,1,
5493415069,marker,PUB_MRM_EMERGENCY_STOP_OPERATOR_STATUS,1,
5494087487,marker,PATH_MRM_EMERGENCY_STOP_OPERATOR_ON_TIMER_EXIT,1,
5494117312,marker,PATH_STOP_MODE_OPERATOR_ON_TIMER_ENTRY,0,
5494172200,marker,PUB_STOP_MODE_OPERATOR_CONTROL,0,
5494284987,marker,PUB_STOP_MODE_OPERATOR_GEAR,0,
5494366519,marker,PUB_STOP_MODE_OPERATOR_TURN_INDICATORS,1,
5494447706,marker,PUB_STOP_MODE_OPERATOR_HAZARD_LIGHTS,1,
5494521031,marker,PATH_STOP_MODE_OPERATOR_ON_TIMER_EXIT,0,
5499621294,heartbeat,,54,5500
5524729837,marker,PATH_MRM_EMERGENCY_STOP_OPERATOR_ON_TIMER_ENTRY,1,
5524736156,marker,PUB_MRM_EMERGENCY_STOP_OPERATOR_EMERGENCY_CONTROL_CMD,1,
5524957206,marker,PUB_MRM_EMERGENCY_STOP_OPERATOR_STATUS,1,
5525193600,marker,PATH_MRM_EMERGENCY_STOP_OPERATOR_ON_TIMER_EXIT,1,
5525203950,marker,PATH_STOP_MODE_OPERATOR_ON_TIMER_ENTRY,0,
5525224856,marker,PUB_STOP_MODE_OPERATOR_CONTROL,0,
5525322506,marker,PUB_STOP_MODE_OPERATOR_GEAR,0,
5525402762,marker,PUB_STOP_MODE_OPERATOR_TURN_INDICATORS,1,
5525483931,marker,PUB_STOP_MODE_OPERATOR_HAZARD_LIGHTS,1,
5525557837,marker,PATH_STOP_MODE_OPERATOR_ON_TIMER_EXIT,0,
5537900325,marker,PATH_MRM_COMFORTABLE_STOP_OPERATOR_ON_TIMER_ENTRY,1,
5537912800,marker,PUB_MRM_COMFORTABLE_STOP_OPERATOR_STATUS,1,
5538150425,marker,PATH_MRM_COMFORTABLE_STOP_OPERATOR_ON_TIMER_EXIT,1,
5538214962,marker,PATH_MRM_HANDLER_ON_TIMER_ENTRY,1,
5538243112,marker,PUB_MRM_HANDLER_MRM_STATE,65537,
5538325131,marker,PUB_MRM_HANDLER_TURN_INDICATORS_CMD,0,
5538403031,marker,PUB_MRM_HANDLER_HAZARD_LIGHTS_CMD,0,
5538481156,marker,PUB_MRM_HANDLER_GEAR_CMD_OUT,2,
5538558700,marker,PUB_MRM_HANDLER_EMERGENCY_HOLDING,0,
5538629744,marker,PATH_MRM_HANDLER_ON_TIMER_EXIT,1,
5550617456,marker,TAKE_MRM_HANDLER_OPERATION_MODE_AVAILABILITY,1,
5558668181,marker,PATH_MRM_EMERGENCY_STOP_OPERATOR_ON_TIMER_ENTRY,1,
5558674737,marker,PUB_MRM_EMERGENCY_STOP_OPERATOR_EMERGENCY_CONTROL_CMD,1,
5558889956,marker,PUB_MRM_EMERGENCY_STOP_OPERATOR_STATUS,1,
5559123619,marker,PATH_MRM_EMERGENCY_STOP_OPERATOR_ON_TIMER_EXIT,1,
5559133950,marker,PATH_STOP_MODE_OPERATOR_ON_TIMER_ENTRY,0,
5559154537,marker,PUB_STOP_MODE_OPERATOR_CONTROL,0,
5559329487,marker,PUB_STOP_MODE_OPERATOR_GEAR,0,
5559559456,marker,PUB_STOP_MODE_OPERATOR_TURN_INDICATORS,1,
5559794537,marker,PUB_STOP_MODE_OPERATOR_HAZARD_LIGHTS,1,
5560000831,marker,PATH_STOP_MODE_OPERATOR_ON_TIMER_EXIT,0,
5591664581,marker,PATH_MRM_EMERGENCY_STOP_OPERATOR_ON_TIMER_ENTRY,1,
5591671362,marker,PUB_MRM_EMERGENCY_STOP_OPERATOR_EMERGENCY_CONTROL_CMD,1,
5591891162,marker,PUB_MRM_EMERGENCY_STOP_OPERATOR_STATUS,1,
5592173650,marker,PATH_MRM_EMERGENCY_STOP_OPERATOR_ON_TIMER_EXIT,1,
5592203844,marker,PATH_STOP_MODE_OPERATOR_ON_TIMER_ENTRY,0,
5592259081,marker,PUB_STOP_MODE_OPERATOR_CONTROL,0,
5592541106,marker,PUB_STOP_MODE_OPERATOR_GEAR,0,
5592769012,marker,PUB_STOP_MODE_OPERATOR_TURN_INDICATORS,1,
5592996775,marker,PUB_STOP_MODE_OPERATOR_HAZARD_LIGHTS,1,
5593210406,marker,PATH_STOP_MODE_OPERATOR_ON_TIMER_EXIT,0,
5599626906,heartbeat,,55,5600
5623769244,marker,PATH_MRM_EMERGENCY_STOP_OPERATOR_ON_TIMER_ENTRY,1,
5623789281,marker,PUB_MRM_EMERGENCY_STOP_OPERATOR_EMERGENCY_CONTROL_CMD,1,
5624409712,marker,PUB_MRM_EMERGENCY_STOP_OPERATOR_STATUS,1,
5624954331,marker,PATH_MRM_EMERGENCY_STOP_OPERATOR_ON_TIMER_EXIT,1,
5624964806,marker,PATH_STOP_MODE_OPERATOR_ON_TIMER_ENTRY,0,
5624985706,marker,PUB_STOP_MODE_OPERATOR_CONTROL,0,
