t_ns_from_first_record,kind,name,arg_or_seq,uptime_ms
99623262,heartbeat,,0,100
188726975,marker,PATH_MRM_EMERGENCY_STOP_OPERATOR_ON_TIMER_ENTRY,1,
188733644,marker,PUB_MRM_EMERGENCY_STOP_OPERATOR_EMERGENCY_CONTROL_CMD,1,
188824612,marker,PUB_MRM_EMERGENCY_STOP_OPERATOR_STATUS,1,
189061775,marker,PATH_MRM_EMERGENCY_STOP_OPERATOR_ON_TIMER_EXIT,1,
189070987,marker,PATH_MRM_COMFORTABLE_STOP_OPERATOR_ON_TIMER_ENTRY,1,
189082419,marker,PUB_MRM_COMFORTABLE_STOP_OPERATOR_STATUS,1,
189314656,marker,PATH_MRM_COMFORTABLE_STOP_OPERATOR_ON_TIMER_EXIT,1,
189324300,marker,PATH_STOP_MODE_OPERATOR_ON_TIMER_ENTRY,0,
189344544,marker,PUB_STOP_MODE_OPERATOR_CONTROL,0,
189442119,marker,PUB_STOP_MODE_OPERATOR_GEAR,0,
189523300,marker,PUB_STOP_MODE_OPERATOR_TURN_INDICATORS,1,
189603000,marker,PUB_STOP_MODE_OPERATOR_HAZARD_LIGHTS,1,
189677475,marker,PATH_STOP_MODE_OPERATOR_ON_TIMER_EXIT,0,
189686519,marker,PATH_MRM_HANDLER_ON_TIMER_ENTRY,1,
189695994,marker,PATH_MRM_HANDLER_ON_TIMER_EXIT,0,
199621106,heartbeat,,1,200
213664700,marker,PATH_MRM_EMERGENCY_STOP_OPERATOR_ON_TIMER_ENTRY,1,
213671356,marker,PUB_MRM_EMERGENCY_STOP_OPERATOR_EMERGENCY_CONTROL_CMD,1,
213763975,marker,PUB_MRM_EMERGENCY_STOP_OPERATOR_STATUS,1,
213999581,marker,PATH_MRM_EMERGENCY_STOP_OPERATOR_ON_TIMER_EXIT,1,
214009544,marker,PATH_STOP_MODE_OPERATOR_ON_TIMER_ENTRY,0,
214030144,marker,PUB_STOP_MODE_OPERATOR_CONTROL,0,
214126831,marker,PUB_STOP_MODE_OPERATOR_GEAR,0,
214207819,marker,PUB_STOP_MODE_OPERATOR_TURN_INDICATORS,1,
214288119,marker,PUB_STOP_MODE_OPERATOR_HAZARD_LIGHTS,1,
214361706,marker,PATH_STOP_MODE_OPERATOR_ON_TIMER_EXIT,0,
215704206,marker,PATH_MRM_COMFORTABLE_STOP_OPERATOR_ON_TIMER_ENTRY,1,
215716175,marker,PUB_MRM_COMFORTABLE_STOP_OPERATOR_STATUS,1,
215955131,marker,PATH_MRM_COMFORTABLE_STOP_OPERATOR_ON_TIMER_EXIT,1,
216018825,marker,PATH_MRM_HANDLER_ON_TIMER_ENTRY,1,
216029362,marker,PATH_MRM_HANDLER_ON_TIMER_EXIT,0,
246664037,marker,PATH_MRM_EMERGENCY_STOP_OPERATOR_ON_TIMER_ENTRY,1,
246670931,marker,PUB_MRM_EMERGENCY_STOP_OPERATOR_EMERGENCY_CONTROL_CMD,1,
246764000,marker,PUB_MRM_EMERGENCY_STOP_OPERATOR_STATUS,1,
247002131,marker,PATH_MRM_EMERGENCY_STOP_OPERATOR_ON_TIMER_EXIT,1,
247012137,marker,PATH_STOP_MODE_OPERATOR_ON_TIMER_ENTRY,0,
247032506,marker,PUB_STOP_MODE_OPERATOR_CONTROL,0,
247130187,marker,PUB_STOP_MODE_OPERATOR_GEAR,0,
247210506,marker,PUB_STOP_MODE_OPERATOR_TURN_INDICATORS,1,
247290781,marker,PUB_STOP_MODE_OPERATOR_HAZARD_LIGHTS,1,
247365562,marker,PATH_STOP_MODE_OPERATOR_ON_TIMER_EXIT,0,
279664200,marker,PATH_MRM_EMERGENCY_STOP_OPERATOR_ON_TIMER_ENTRY,1,
279670825,marker,PUB_MRM_EMERGENCY_STOP_OPERATOR_EMERGENCY_CONTROL_CMD,1,
279762606,marker,PUB_MRM_EMERGENCY_STOP_OPERATOR_STATUS,1,
279996256,marker,PATH_MRM_EMERGENCY_STOP_OPERATOR_ON_TIMER_EXIT,1,
280006219,marker,PATH_STOP_MODE_OPERATOR_ON_TIMER_ENTRY,0,
280026512,marker,PUB_STOP_MODE_OPERATOR_CONTROL,0,
280123856,marker,PUB_STOP_MODE_OPERATOR_GEAR,0,
280204612,marker,PUB_STOP_MODE_OPERATOR_TURN_INDICATORS,1,
280285075,marker,PUB_STOP_MODE_OPERATOR_HAZARD_LIGHTS,1,
280359256,marker,PATH_STOP_MODE_OPERATOR_ON_TIMER_EXIT,0,
299621025,heartbeat,,2,300
312664412,marker,PATH_MRM_EMERGENCY_STOP_OPERATOR_ON_TIMER_ENTRY,1,
312671112,marker,PUB_MRM_EMERGENCY_STOP_OPERATOR_EMERGENCY_CONTROL_CMD,1,
312763112,marker,PUB_MRM_EMERGENCY_STOP_OPERATOR_STATUS,1,
313000550,marker,PATH_MRM_EMERGENCY_STOP_OPERATOR_ON_TIMER_EXIT,1,
313010900,marker,PATH_STOP_MODE_OPERATOR_ON_TIMER_ENTRY,0,
313030969,marker,PUB_STOP_MODE_OPERATOR_CONTROL,0,
313127531,marker,PUB_STOP_MODE_OPERATOR_GEAR,0,
313209094,marker,PUB_STOP_MODE_OPERATOR_TURN_INDICATORS,1,
313289112,marker,PUB_STOP_MODE_OPERATOR_HAZARD_LIGHTS,1,
313362662,marker,PATH_STOP_MODE_OPERATOR_ON_TIMER_EXIT,0,
315703087,marker,PATH_MRM_COMFORTABLE_STOP_OPERATOR_ON_TIMER_ENTRY,1,
315715200,marker,PUB_MRM_COMFORTABLE_STOP_OPERATOR_STATUS,1,
315952444,marker,PATH_MRM_COMFORTABLE_STOP_OPERATOR_ON_TIMER_EXIT,1,
316015600,marker,PATH_MRM_HANDLER_ON_TIMER_ENTRY,1,
316025881,marker,PATH_MRM_HANDLER_ON_TIMER_EXIT,0,
345664212,marker,PATH_MRM_EMERGENCY_STOP_OPERATOR_ON_TIMER_ENTRY,1,
345670619,marker,PUB_MRM_EMERGENCY_STOP_OPERATOR_EMERGENCY_CONTROL_CMD,1,
345761862,marker,PUB_MRM_EMERGENCY_STOP_OPERATOR_STATUS,1,
345998769,marker,PATH_MRM_EMERGENCY_STOP_OPERATOR_ON_TIMER_EXIT,1,
346008850,marker,PATH_STOP_MODE_OPERATOR_ON_TIMER_ENTRY,0,
346029250,marker,PUB_STOP_MODE_OPERATOR_CONTROL,0,
346127819,marker,PUB_STOP_MODE_OPERATOR_GEAR,0,
346208269,marker,PUB_STOP_MODE_OPERATOR_TURN_INDICATORS,1,
346289344,marker,PUB_STOP_MODE_OPERATOR_HAZARD_LIGHTS,1,
346363394,marker,PATH_STOP_MODE_OPERATOR_ON_TIMER_EXIT,0,
378664944,marker,PATH_MRM_EMERGENCY_STOP_OPERATOR_ON_TIMER_ENTRY,1,
378671719,marker,PUB_MRM_EMERGENCY_STOP_OPERATOR_EMERGENCY_CONTROL_CMD,1,
378763431,marker,PUB_MRM_EMERGENCY_STOP_OPERATOR_STATUS,1,
378998162,marker,PATH_MRM_EMERGENCY_STOP_OPERATOR_ON_TIMER_EXIT,1,
379008594,marker,PATH_STOP_MODE_OPERATOR_ON_TIMER_ENTRY,0,
379029006,marker,PUB_STOP_MODE_OPERATOR_CONTROL,0,
379126631,marker,PUB_STOP_MODE_OPERATOR_GEAR,0,
379207944,marker,PUB_STOP_MODE_OPERATOR_TURN_INDICATORS,1,
379288037,marker,PUB_STOP_MODE_OPERATOR_HAZARD_LIGHTS,1,
379361181,marker,PATH_STOP_MODE_OPERATOR_ON_TIMER_EXIT,0,
399621069,heartbeat,,3,400
411664575,marker,PATH_MRM_EMERGENCY_STOP_OPERATOR_ON_TIMER_ENTRY,1,
411671181,marker,PUB_MRM_EMERGENCY_STOP_OPERATOR_EMERGENCY_CONTROL_CMD,1,
411762612,marker,PUB_MRM_EMERGENCY_STOP_OPERATOR_STATUS,1,
412002450,marker,PATH_MRM_EMERGENCY_STOP_OPERATOR_ON_TIMER_EXIT,1,
412012306,marker,PATH_STOP_MODE_OPERATOR_ON_TIMER_ENTRY,0,
412032337,marker,PUB_STOP_MODE_OPERATOR_CONTROL,0,
412130119,marker,PUB_STOP_MODE_OPERATOR_GEAR,0,
412211525,marker,PUB_STOP_MODE_OPERATOR_TURN_INDICATORS,1,
412291269,marker,PUB_STOP_MODE_OPERATOR_HAZARD_LIGHTS,1,
412365006,marker,PATH_STOP_MODE_OPERATOR_ON_TIMER_EXIT,0,
415703912,marker,PATH_MRM_COMFORTABLE_STOP_OPERATOR_ON_TIMER_ENTRY,1,
415715994,marker,PUB_MRM_COMFORTABLE_STOP_OPERATOR_STATUS,1,
415954337,marker,PATH_MRM_COMFORTABLE_STOP_OPERATOR_ON_TIMER_EXIT,1,
416018131,marker,PATH_MRM_HANDLER_ON_TIMER_ENTRY,1,
416028056,marker,PATH_MRM_HANDLER_ON_TIMER_EXIT,0,
443664362,marker,PATH_MRM_EMERGENCY_STOP_OPERATOR_ON_TIMER_ENTRY,1,
443671106,marker,PUB_MRM_EMERGENCY_STOP_OPERATOR_EMERGENCY_CONTROL_CMD,1,
443762537,marker,PUB_MRM_EMERGENCY_STOP_OPERATOR_STATUS,1,
443999187,marker,PATH_MRM_EMERGENCY_STOP_OPERATOR_ON_TIMER_EXIT,1,
444009419,marker,PATH_STOP_MODE_OPERATOR_ON_TIMER_ENTRY,0,
444030000,marker,PUB_STOP_MODE_OPERATOR_CONTROL,0,
444127281,marker,PUB_STOP_MODE_OPERATOR_GEAR,0,
444207725,marker,PUB_STOP_MODE_OPERATOR_TURN_INDICATORS,1,
444287800,marker,PUB_STOP_MODE_OPERATOR_HAZARD_LIGHTS,1,
444361419,marker,PATH_STOP_MODE_OPERATOR_ON_TIMER_EXIT,0,
476664656,marker,PATH_MRM_EMERGENCY_STOP_OPERATOR_ON_TIMER_ENTRY,1,
476671206,marker,PUB_MRM_EMERGENCY_STOP_OPERATOR_EMERGENCY_CONTROL_CMD,1,
476761781,marker,PUB_MRM_EMERGENCY_STOP_OPERATOR_STATUS,1,
476997300,marker,PATH_MRM_EMERGENCY_STOP_OPERATOR_ON_TIMER_EXIT,1,
477007600,marker,PATH_STOP_MODE_OPERATOR_ON_TIMER_ENTRY,0,
477028031,marker,PUB_STOP_MODE_OPERATOR_CONTROL,0,
477125619,marker,PUB_STOP_MODE_OPERATOR_GEAR,0,
477205606,marker,PUB_STOP_MODE_OPERATOR_TURN_INDICATORS,1,
477286262,marker,PUB_STOP_MODE_OPERATOR_HAZARD_LIGHTS,1,
477360844,marker,PATH_STOP_MODE_OPERATOR_ON_TIMER_EXIT,0,
499620894,heartbeat,,4,500
509664387,marker,PATH_MRM_EMERGENCY_STOP_OPERATOR_ON_TIMER_ENTRY,1,
509671187,marker,PUB_MRM_EMERGENCY_STOP_OPERATOR_EMERGENCY_CONTROL_CMD,1,
509762187,marker,PUB_MRM_EMERGENCY_STOP_OPERATOR_STATUS,1,
509999125,marker,PATH_MRM_EMERGENCY_STOP_OPERATOR_ON_TIMER_EXIT,1,
510009162,marker,PATH_STOP_MODE_OPERATOR_ON_TIMER_ENTRY,0,
510029044,marker,PUB_STOP_MODE_OPERATOR_CONTROL,0,
510126387,marker,PUB_STOP_MODE_OPERATOR_GEAR,0,
510207850,marker,PUB_STOP_MODE_OPERATOR_TURN_INDICATORS,1,
510289206,marker,PUB_STOP_MODE_OPERATOR_HAZARD_LIGHTS,1,
510363800,marker,PATH_STOP_MODE_OPERATOR_ON_TIMER_EXIT,0,
515705150,marker,PATH_MRM_COMFORTABLE_STOP_OPERATOR_ON_TIMER_ENTRY,1,
515717250,marker,PUB_MRM_COMFORTABLE_STOP_OPERATOR_STATUS,1,
515955919,marker,PATH_MRM_COMFORTABLE_STOP_OPERATOR_ON_TIMER_EXIT,1,
516019344,marker,PATH_MRM_HANDLER_ON_TIMER_ENTRY,1,
516029287,marker,PATH_MRM_HANDLER_ON_TIMER_EXIT,0,
543666206,marker,PATH_MRM_EMERGENCY_STOP_OPERATOR_ON_TIMER_ENTRY,1,
543672887,marker,PUB_MRM_EMERGENCY_STOP_OPERATOR_EMERGENCY_CONTROL_CMD,1,
543763394,marker,PUB_MRM_EMERGENCY_STOP_OPERATOR_STATUS,1,
544001731,marker,PATH_MRM_EMERGENCY_STOP_OPERATOR_ON_TIMER_EXIT,1,
544011862,marker,PATH_STOP_MODE_OPERATOR_ON_TIMER_ENTRY,0,
544032769,marker,PUB_STOP_MODE_OPERATOR_CONTROL,0,
544130631,marker,PUB_STOP_MODE_OPERATOR_GEAR,0,
544212769,marker,PUB_STOP_MODE_OPERATOR_TURN_INDICATORS,1,
544292687,marker,PUB_STOP_MODE_OPERATOR_HAZARD_LIGHTS,1,
544365981,marker,PATH_STOP_MODE_OPERATOR_ON_TIMER_EXIT,0,
576664319,marker,PATH_MRM_EMERGENCY_STOP_OPERATOR_ON_TIMER_ENTRY,1,
576671362,marker,PUB_MRM_EMERGENCY_STOP_OPERATOR_EMERGENCY_CONTROL_CMD,1,
576762819,marker,PUB_MRM_EMERGENCY_STOP_OPERATOR_STATUS,1,
576995681,marker,PATH_MRM_EMERGENCY_STOP_OPERATOR_ON_TIMER_EXIT,1,
577005806,marker,PATH_STOP_MODE_OPERATOR_ON_TIMER_ENTRY,0,
577025981,marker,PUB_STOP_MODE_OPERATOR_CONTROL,0,
577124125,marker,PUB_STOP_MODE_OPERATOR_GEAR,0,
577205419,marker,PUB_STOP_MODE_OPERATOR_TURN_INDICATORS,1,
577285562,marker,PUB_STOP_MODE_OPERATOR_HAZARD_LIGHTS,1,
577359644,marker,PATH_STOP_MODE_OPERATOR_ON_TIMER_EXIT,0,
599620887,heartbeat,,5,600
609665125,marker,PATH_MRM_EMERGENCY_STOP_OPERATOR_ON_TIMER_ENTRY,1,
609671569,marker,PUB_MRM_EMERGENCY_STOP_OPERATOR_EMERGENCY_CONTROL_CMD,1,
609762962,marker,PUB_MRM_EMERGENCY_STOP_OPERATOR_STATUS,1,
610001519,marker,PATH_MRM_EMERGENCY_STOP_OPERATOR_ON_TIMER_EXIT,1,
610011444,marker,PATH_STOP_MODE_OPERATOR_ON_TIMER_ENTRY,0,
610031987,marker,PUB_STOP_MODE_OPERATOR_CONTROL,0,
610129706,marker,PUB_STOP_MODE_OPERATOR_GEAR,0,
610211275,marker,PUB_STOP_MODE_OPERATOR_TURN_INDICATORS,1,
610291400,marker,PUB_STOP_MODE_OPERATOR_HAZARD_LIGHTS,1,
610364637,marker,PATH_STOP_MODE_OPERATOR_ON_TIMER_EXIT,0,
615703612,marker,PATH_MRM_COMFORTABLE_STOP_OPERATOR_ON_TIMER_ENTRY,1,
615715812,marker,PUB_MRM_COMFORTABLE_STOP_OPERATOR_STATUS,1,
615953262,marker,PATH_MRM_COMFORTABLE_STOP_OPERATOR_ON_TIMER_EXIT,1,
616016956,marker,PATH_MRM_HANDLER_ON_TIMER_ENTRY,1,
616027344,marker,PATH_MRM_HANDLER_ON_TIMER_EXIT,0,
642664337,marker,PATH_MRM_EMERGENCY_STOP_OPERATOR_ON_TIMER_ENTRY,1,
642670981,marker,PUB_MRM_EMERGENCY_STOP_OPERATOR_EMERGENCY_CONTROL_CMD,1,
642763406,marker,PUB_MRM_EMERGENCY_STOP_OPERATOR_STATUS,1,
642998650,marker,PATH_MRM_EMERGENCY_STOP_OPERATOR_ON_TIMER_EXIT,1,
643008869,marker,PATH_STOP_MODE_OPERATOR_ON_TIMER_ENTRY,0,
643029319,marker,PUB_STOP_MODE_OPERATOR_CONTROL,0,
643127781,marker,PUB_STOP_MODE_OPERATOR_GEAR,0,
643209194,marker,PUB_STOP_MODE_OPERATOR_TURN_INDICATORS,1,
643289094,marker,PUB_STOP_MODE_OPERATOR_HAZARD_LIGHTS,1,
643363369,marker,PATH_STOP_MODE_OPERATOR_ON_TIMER_EXIT,0,
675663444,marker,PATH_MRM_EMERGENCY_STOP_OPERATOR_ON_TIMER_ENTRY,1,
675670100,marker,PUB_MRM_EMERGENCY_STOP_OPERATOR_EMERGENCY_CONTROL_CMD,1,
675761275,marker,PUB_MRM_EMERGENCY_STOP_OPERATOR_STATUS,1,
675999812,marker,PATH_MRM_EMERGENCY_STOP_OPERATOR_ON_TIMER_EXIT,1,
676009850,marker,PATH_STOP_MODE_OPERATOR_ON_TIMER_ENTRY,0,
676029650,marker,PUB_STOP_MODE_OPERATOR_CONTROL,0,
676127144,marker,PUB_STOP_MODE_OPERATOR_GEAR,0,
676209356,marker,PUB_STOP_MODE_OPERATOR_TURN_INDICATORS,1,
676289300,marker,PUB_STOP_MODE_OPERATOR_HAZARD_LIGHTS,1,
676363281,marker,PATH_STOP_MODE_OPERATOR_ON_TIMER_EXIT,0,
699620981,heartbeat,,6,700
708665425,marker,PATH_MRM_EMERGENCY_STOP_OPERATOR_ON_TIMER_ENTRY,1,
708672137,marker,PUB_MRM_EMERGENCY_STOP_OPERATOR_EMERGENCY_CONTROL_CMD,1,
708764037,marker,PUB_MRM_EMERGENCY_STOP_OPERATOR_STATUS,1,
709002762,marker,PATH_MRM_EMERGENCY_STOP_OPERATOR_ON_TIMER_EXIT,1,
709013294,marker,PATH_STOP_MODE_OPERATOR_ON_TIMER_ENTRY,0,
709033269,marker,PUB_STOP_MODE_OPERATOR_CONTROL,0,
709130962,marker,PUB_STOP_MODE_OPERATOR_GEAR,0,
709211700,marker,PUB_STOP_MODE_OPERATOR_TURN_INDICATORS,1,
709291381,marker,PUB_STOP_MODE_OPERATOR_HAZARD_LIGHTS,1,
709366250,marker,PATH_STOP_MODE_OPERATOR_ON_TIMER_EXIT,0,
715704125,marker,PATH_MRM_COMFORTABLE_STOP_OPERATOR_ON_TIMER_ENTRY,1,
715716537,marker,PUB_MRM_COMFORTABLE_STOP_OPERATOR_STATUS,1,
715953775,marker,PATH_MRM_COMFORTABLE_STOP_OPERATOR_ON_TIMER_EXIT,1,
716018481,marker,PATH_MRM_HANDLER_ON_TIMER_ENTRY,1,
716028369,marker,PATH_MRM_HANDLER_ON_TIMER_EXIT,0,
741663687,marker,PATH_MRM_EMERGENCY_STOP_OPERATOR_ON_TIMER_ENTRY,1,
741670481,marker,PUB_MRM_EMERGENCY_STOP_OPERATOR_EMERGENCY_CONTROL_CMD,1,
741761519,marker,PUB_MRM_EMERGENCY_STOP_OPERATOR_STATUS,1,
741996075,marker,PATH_MRM_EMERGENCY_STOP_OPERATOR_ON_TIMER_EXIT,1,
742006637,marker,PATH_STOP_MODE_OPERATOR_ON_TIMER_ENTRY,0,
742026556,marker,PUB_STOP_MODE_OPERATOR_CONTROL,0,
742124256,marker,PUB_STOP_MODE_OPERATOR_GEAR,0,
742204325,marker,PUB_STOP_MODE_OPERATOR_TURN_INDICATORS,1,
742284344,marker,PUB_STOP_MODE_OPERATOR_HAZARD_LIGHTS,1,
742359600,marker,PATH_STOP_MODE_OPERATOR_ON_TIMER_EXIT,0,
774664287,marker,PATH_MRM_EMERGENCY_STOP_OPERATOR_ON_TIMER_ENTRY,1,
774671219,marker,PUB_MRM_EMERGENCY_STOP_OPERATOR_EMERGENCY_CONTROL_CMD,1,
774763494,marker,PUB_MRM_EMERGENCY_STOP_OPERATOR_STATUS,1,
775001156,marker,PATH_MRM_EMERGENCY_STOP_OPERATOR_ON_TIMER_EXIT,1,
775011219,marker,PATH_STOP_MODE_OPERATOR_ON_TIMER_ENTRY,0,
775031587,marker,PUB_STOP_MODE_OPERATOR_CONTROL,0,
775128600,marker,PUB_STOP_MODE_OPERATOR_GEAR,0,
775209394,marker,PUB_STOP_MODE_OPERATOR_TURN_INDICATORS,1,
775289575,marker,PUB_STOP_MODE_OPERATOR_HAZARD_LIGHTS,1,
775362875,marker,PATH_STOP_MODE_OPERATOR_ON_TIMER_EXIT,0,
799621006,heartbeat,,7,800
807665762,marker,PATH_MRM_EMERGENCY_STOP_OPERATOR_ON_TIMER_ENTRY,1,
807672231,marker,PUB_MRM_EMERGENCY_STOP_OPERATOR_EMERGENCY_CONTROL_CMD,1,
807763894,marker,PUB_MRM_EMERGENCY_STOP_OPERATOR_STATUS,1,
808002037,marker,PATH_MRM_EMERGENCY_STOP_OPERATOR_ON_TIMER_EXIT,1,
808012306,marker,PATH_STOP_MODE_OPERATOR_ON_TIMER_ENTRY,0,
808032537,marker,PUB_STOP_MODE_OPERATOR_CONTROL,0,
808129325,marker,PUB_STOP_MODE_OPERATOR_GEAR,0,
808209950,marker,PUB_STOP_MODE_OPERATOR_TURN_INDICATORS,1,
808289987,marker,PUB_STOP_MODE_OPERATOR_HAZARD_LIGHTS,1,
808364469,marker,PATH_STOP_MODE_OPERATOR_ON_TIMER_EXIT,0,
815705356,marker,PATH_MRM_COMFORTABLE_STOP_OPERATOR_ON_TIMER_ENTRY,1,
815717469,marker,PUB_MRM_COMFORTABLE_STOP_OPERATOR_STATUS,1,
815953581,marker,PATH_MRM_COMFORTABLE_STOP_OPERATOR_ON_TIMER_EXIT,1,
816017587,marker,PATH_MRM_HANDLER_ON_TIMER_ENTRY,1,
816027794,marker,PATH_MRM_HANDLER_ON_TIMER_EXIT,0,
840664225,marker,PATH_MRM_EMERGENCY_STOP_OPERATOR_ON_TIMER_ENTRY,1,
840671106,marker,PUB_MRM_EMERGENCY_STOP_OPERATOR_EMERGENCY_CONTROL_CMD,1,
840762494,marker,PUB_MRM_EMERGENCY_STOP_OPERATOR_STATUS,1,
840998337,marker,PATH_MRM_EMERGENCY_STOP_OPERATOR_ON_TIMER_EXIT,1,
841008500,marker,PATH_STOP_MODE_OPERATOR_ON_TIMER_ENTRY,0,
841029119,marker,PUB_STOP_MODE_OPERATOR_CONTROL,0,
841127250,marker,PUB_STOP_MODE_OPERATOR_GEAR,0,
841208331,marker,PUB_STOP_MODE_OPERATOR_TURN_INDICATORS,1,
841288381,marker,PUB_STOP_MODE_OPERATOR_HAZARD_LIGHTS,1,
841361587,marker,PATH_STOP_MODE_OPERATOR_ON_TIMER_EXIT,0,
873665531,marker,PATH_MRM_EMERGENCY_STOP_OPERATOR_ON_TIMER_ENTRY,1,
873672381,marker,PUB_MRM_EMERGENCY_STOP_OPERATOR_EMERGENCY_CONTROL_CMD,1,
873764987,marker,PUB_MRM_EMERGENCY_STOP_OPERATOR_STATUS,1,
874003231,marker,PATH_MRM_EMERGENCY_STOP_OPERATOR_ON_TIMER_EXIT,1,
874013156,marker,PATH_STOP_MODE_OPERATOR_ON_TIMER_ENTRY,0,
874033881,marker,PUB_STOP_MODE_OPERATOR_CONTROL,0,
874130744,marker,PUB_STOP_MODE_OPERATOR_GEAR,0,
874211694,marker,PUB_STOP_MODE_OPERATOR_TURN_INDICATORS,1,
874293319,marker,PUB_STOP_MODE_OPERATOR_HAZARD_LIGHTS,1,
874367819,marker,PATH_STOP_MODE_OPERATOR_ON_TIMER_EXIT,0,
899621194,heartbeat,,8,900
907475494,marker,PATH_MRM_EMERGENCY_STOP_OPERATOR_ON_TIMER_ENTRY,1,
907482775,marker,PUB_MRM_EMERGENCY_STOP_OPERATOR_EMERGENCY_CONTROL_CMD,1,
907574081,marker,PUB_MRM_EMERGENCY_STOP_OPERATOR_STATUS,1,
907811556,marker,PATH_MRM_EMERGENCY_STOP_OPERATOR_ON_TIMER_EXIT,1,
907821556,marker,PATH_STOP_MODE_OPERATOR_ON_TIMER_ENTRY,0,
907842775,marker,PUB_STOP_MODE_OPERATOR_CONTROL,0,
907940594,marker,PUB_STOP_MODE_OPERATOR_GEAR,0,
908020681,marker,PUB_STOP_MODE_OPERATOR_TURN_INDICATORS,1,
908100912,marker,PUB_STOP_MODE_OPERATOR_HAZARD_LIGHTS,1,
908174275,marker,PATH_STOP_MODE_OPERATOR_ON_TIMER_EXIT,0,
915704069,marker,PATH_MRM_COMFORTABLE_STOP_OPERATOR_ON_TIMER_ENTRY,1,
915716875,marker,PUB_MRM_COMFORTABLE_STOP_OPERATOR_STATUS,1,
915953381,marker,PATH_MRM_COMFORTABLE_STOP_OPERATOR_ON_TIMER_EXIT,1,
916018250,marker,PATH_MRM_HANDLER_ON_TIMER_ENTRY,1,
916028731,marker,PATH_MRM_HANDLER_ON_TIMER_EXIT,0,
939664856,marker,PATH_MRM_EMERGENCY_STOP_OPERATOR_ON_TIMER_ENTRY,1,
939671375,marker,PUB_MRM_EMERGENCY_STOP_OPERATOR_EMERGENCY_CONTROL_CMD,1,
939763306,marker,PUB_MRM_EMERGENCY_STOP_OPERATOR_STATUS,1,
939999412,marker,PATH_MRM_EMERGENCY_STOP_OPERATOR_ON_TIMER_EXIT,1,
940009581,marker,PATH_STOP_MODE_OPERATOR_ON_TIMER_ENTRY,0,
940030694,marker,PUB_STOP_MODE_OPERATOR_CONTROL,0,
940128419,marker,PUB_STOP_MODE_OPERATOR_GEAR,0,
940211119,marker,PUB_STOP_MODE_OPERATOR_TURN_INDICATORS,1,
940292062,marker,PUB_STOP_MODE_OPERATOR_HAZARD_LIGHTS,1,
940366112,marker,PATH_STOP_MODE_OPERATOR_ON_TIMER_EXIT,0,
972663600,marker,PATH_MRM_EMERGENCY_STOP_OPERATOR_ON_TIMER_ENTRY,1,
972670569,marker,PUB_MRM_EMERGENCY_STOP_OPERATOR_EMERGENCY_CONTROL_CMD,1,
972762462,marker,PUB_MRM_EMERGENCY_STOP_OPERATOR_STATUS,1,
972998119,marker,PATH_MRM_EMERGENCY_STOP_OPERATOR_ON_TIMER_EXIT,1,
973008650,marker,PATH_STOP_MODE_OPERATOR_ON_TIMER_ENTRY,0,
973029312,marker,PUB_STOP_MODE_OPERATOR_CONTROL,0,
973126200,marker,PUB_STOP_MODE_OPERATOR_GEAR,0,
973206519,marker,PUB_STOP_MODE_OPERATOR_TURN_INDICATORS,1,
973287369,marker,PUB_STOP_MODE_OPERATOR_HAZARD_LIGHTS,1,
973361894,marker,PATH_STOP_MODE_OPERATOR_ON_TIMER_EXIT,0,
999621194,heartbeat,,9,1000
1005664281,marker,PATH_MRM_EMERGENCY_STOP_OPERATOR_ON_TIMER_ENTRY,1,
1005670481,marker,PUB_MRM_EMERGENCY_STOP_OPERATOR_EMERGENCY_CONTROL_CMD,1,
1005761994,marker,PUB_MRM_EMERGENCY_STOP_OPERATOR_STATUS,1,
1005997006,marker,PATH_MRM_EMERGENCY_STOP_OPERATOR_ON_TIMER_EXIT,1,
1006006669,marker,PATH_STOP_MODE_OPERATOR_ON_TIMER_ENTRY,0,
1006025875,marker,PUB_STOP_MODE_OPERATOR_CONTROL,0,
1006122962,marker,PUB_STOP_MODE_OPERATOR_GEAR,0,
1006203544,marker,PUB_STOP_MODE_OPERATOR_TURN_INDICATORS,1,
1006282725,marker,PUB_STOP_MODE_OPERATOR_HAZARD_LIGHTS,1,
1006355475,marker,PATH_STOP_MODE_OPERATOR_ON_TIMER_EXIT,0,
1015703462,marker,PATH_MRM_COMFORTABLE_STOP_OPERATOR_ON_TIMER_ENTRY,1,
1015715131,marker,PUB_MRM_COMFORTABLE_STOP_OPERATOR_STATUS,1,
1015956700,marker,PATH_MRM_COMFORTABLE_STOP_OPERATOR_ON_TIMER_EXIT,1,
1016019144,marker,PATH_MRM_HANDLER_ON_TIMER_ENTRY,1,
1016029450,marker,PATH_MRM_HANDLER_ON_TIMER_EXIT,0,
1037664450,marker,PATH_MRM_EMERGENCY_STOP_OPERATOR_ON_TIMER_ENTRY,1,
1037671087,marker,PUB_MRM_EMERGENCY_STOP_OPERATOR_EMERGENCY_CONTROL_CMD,1,
1037762250,marker,PUB_MRM_EMERGENCY_STOP_OPERATOR_STATUS,1,
1037996031,marker,PATH_MRM_EMERGENCY_STOP_OPERATOR_ON_TIMER_EXIT,1,
1038005937,marker,PATH_STOP_MODE_OPERATOR_ON_TIMER_ENTRY,0,
1038025419,marker,PUB_STOP_MODE_OPERATOR_CONTROL,0,
1038122444,marker,PUB_STOP_MODE_OPERATOR_GEAR,0,
1038203362,marker,PUB_STOP_MODE_OPERATOR_TURN_INDICATORS,1,
1038283450,marker,PUB_STOP_MODE_OPERATOR_HAZARD_LIGHTS,1,
1038358106,marker,PATH_STOP_MODE_OPERATOR_ON_TIMER_EXIT,0,
1070665962,marker,PATH_MRM_EMERGENCY_STOP_OPERATOR_ON_TIMER_ENTRY,1,
1070672581,marker,PUB_MRM_EMERGENCY_STOP_OPERATOR_EMERGENCY_CONTROL_CMD,1,
1070764137,marker,PUB_MRM_EMERGENCY_STOP_OPERATOR_STATUS,1,
1071002806,marker,PATH_MRM_EMERGENCY_STOP_OPERATOR_ON_TIMER_EXIT,1,
1071012519,marker,PATH_STOP_MODE_OPERATOR_ON_TIMER_ENTRY,0,
1071032612,marker,PUB_STOP_MODE_OPERATOR_CONTROL,0,
1071128731,marker,PUB_STOP_MODE_OPERATOR_GEAR,0,
1071208075,marker,PUB_STOP_MODE_OPERATOR_TURN_INDICATORS,1,
1071287287,marker,PUB_STOP_MODE_OPERATOR_HAZARD_LIGHTS,1,
1071361331,marker,PATH_STOP_MODE_OPERATOR_ON_TIMER_EXIT,0,
1099621287,heartbeat,,10,1100
1103663694,marker,PATH_MRM_EMERGENCY_STOP_OPERATOR_ON_TIMER_ENTRY,1,
1103669712,marker,PUB_MRM_EMERGENCY_STOP_OPERATOR_EMERGENCY_CONTROL_CMD,1,
1103761056,marker,PUB_MRM_EMERGENCY_STOP_OPERATOR_STATUS,1,
1103994431,marker,PATH_MRM_EMERGENCY_STOP_OPERATOR_ON_TIMER_EXIT,1,
1104004437,marker,PATH_STOP_MODE_OPERATOR_ON_TIMER_ENTRY,0,
1104024612,marker,PUB_STOP_MODE_OPERATOR_CONTROL,0,
1104121219,marker,PUB_STOP_MODE_OPERATOR_GEAR,0,
1104201431,marker,PUB_STOP_MODE_OPERATOR_TURN_INDICATORS,1,
1104280375,marker,PUB_STOP_MODE_OPERATOR_HAZARD_LIGHTS,1,
1104353562,marker,PATH_STOP_MODE_OPERATOR_ON_TIMER_EXIT,0,
1116124381,marker,PATH_MRM_COMFORTABLE_STOP_OPERATOR_ON_TIMER_ENTRY,1,
1116136175,marker,PUB_MRM_COMFORTABLE_STOP_OPERATOR_STATUS,1,
1116376619,marker,PATH_MRM_COMFORTABLE_STOP_OPERATOR_ON_TIMER_EXIT,1,
1116439431,marker,PATH_MRM_HANDLER_ON_TIMER_ENTRY,1,
1116449431,marker,PATH_MRM_HANDLER_ON_TIMER_EXIT,0,
1137664875,marker,PATH_MRM_EMERGENCY_STOP_OPERATOR_ON_TIMER_ENTRY,1,
1137671400,marker,PUB_MRM_EMERGENCY_STOP_OPERATOR_EMERGENCY_CONTROL_CMD,1,
1137763625,marker,PUB_MRM_EMERGENCY_STOP_OPERATOR_STATUS,1,
1137997962,marker,PATH_MRM_EMERGENCY_STOP_OPERATOR_ON_TIMER_EXIT,1,
1138007687,marker,PATH_STOP_MODE_OPERATOR_ON_TIMER_ENTRY,0,
1138027581,marker,PUB_STOP_MODE_OPERATOR_CONTROL,0,
1138124025,marker,PUB_STOP_MODE_OPERATOR_GEAR,0,
1138204956,marker,PUB_STOP_MODE_OPERATOR_TURN_INDICATORS,1,
1138284950,marker,PUB_STOP_MODE_OPERATOR_HAZARD_LIGHTS,1,
1138359200,marker,PATH_STOP_MODE_OPERATOR_ON_TIMER_EXIT,0,
1170666825,marker,PATH_MRM_EMERGENCY_STOP_OPERATOR_ON_TIMER_ENTRY,1,
1170673669,marker,PUB_MRM_EMERGENCY_STOP_OPERATOR_EMERGENCY_CONTROL_CMD,1,
1170765637,marker,PUB_MRM_EMERGENCY_STOP_OPERATOR_STATUS,1,
1171002762,marker,PATH_MRM_EMERGENCY_STOP_OPERATOR_ON_TIMER_EXIT,1,
1171013187,marker,PATH_STOP_MODE_OPERATOR_ON_TIMER_ENTRY,0,
1171033294,marker,PUB_STOP_MODE_OPERATOR_CONTROL,0,
1171130175,marker,PUB_STOP_MODE_OPERATOR_GEAR,0,
1171211819,marker,PUB_STOP_MODE_OPERATOR_TURN_INDICATORS,1,
1171291656,marker,PUB_STOP_MODE_OPERATOR_HAZARD_LIGHTS,1,
1171364962,marker,PATH_STOP_MODE_OPERATOR_ON_TIMER_EXIT,0,
1199620981,heartbeat,,11,1200
1203664781,marker,PATH_MRM_EMERGENCY_STOP_OPERATOR_ON_TIMER_ENTRY,1,
1203671062,marker,PUB_MRM_EMERGENCY_STOP_OPERATOR_EMERGENCY_CONTROL_CMD,1,
1203762462,marker,PUB_MRM_EMERGENCY_STOP_OPERATOR_STATUS,1,
1203995125,marker,PATH_MRM_EMERGENCY_STOP_OPERATOR_ON_TIMER_EXIT,1,
1204005106,marker,PATH_STOP_MODE_OPERATOR_ON_TIMER_ENTRY,0,
1204025437,marker,PUB_STOP_MODE_OPERATOR_CONTROL,0,
1204123144,marker,PUB_STOP_MODE_OPERATOR_GEAR,0,
1204203650,marker,PUB_STOP_MODE_OPERATOR_TURN_INDICATORS,1,
1204283581,marker,PUB_STOP_MODE_OPERATOR_HAZARD_LIGHTS,1,
1204356775,marker,PATH_STOP_MODE_OPERATOR_ON_TIMER_EXIT,0,
1214703569,marker,PATH_MRM_COMFORTABLE_STOP_OPERATOR_ON_TIMER_ENTRY,1,
1214715300,marker,PUB_MRM_COMFORTABLE_STOP_OPERATOR_STATUS,1,
1214954094,marker,PATH_MRM_COMFORTABLE_STOP_OPERATOR_ON_TIMER_EXIT,1,
1215017550,marker,PATH_MRM_HANDLER_ON_TIMER_ENTRY,1,
1215027444,marker,PATH_MRM_HANDLER_ON_TIMER_EXIT,0,
1236665081,marker,PATH_MRM_EMERGENCY_STOP_OPERATOR_ON_TIMER_ENTRY,1,
1236671519,marker,PUB_MRM_EMERGENCY_STOP_OPERATOR_EMERGENCY_CONTROL_CMD,1,
1236763044,marker,PUB_MRM_EMERGENCY_STOP_OPERATOR_STATUS,1,
1236998787,marker,PATH_MRM_EMERGENCY_STOP_OPERATOR_ON_TIMER_EXIT,1,
1237009137,marker,PATH_STOP_MODE_OPERATOR_ON_TIMER_ENTRY,0,
1237029619,marker,PUB_STOP_MODE_OPERATOR_CONTROL,0,
1237126962,marker,PUB_STOP_MODE_OPERATOR_GEAR,0,
1237207087,marker,PUB_STOP_MODE_OPERATOR_TURN_INDICATORS,1,
1237286906,marker,PUB_STOP_MODE_OPERATOR_HAZARD_LIGHTS,1,
1237360969,marker,PATH_STOP_MODE_OPERATOR_ON_TIMER_EXIT,0,
1269665494,marker,PATH_MRM_EMERGENCY_STOP_OPERATOR_ON_TIMER_ENTRY,1,
1269672000,marker,PUB_MRM_EMERGENCY_STOP_OPERATOR_EMERGENCY_CONTROL_CMD,1,
1269763581,marker,PUB_MRM_EMERGENCY_STOP_OPERATOR_STATUS,1,
1269997637,marker,PATH_MRM_EMERGENCY_STOP_OPERATOR_ON_TIMER_EXIT,1,
1270007569,marker,PATH_STOP_MODE_OPERATOR_ON_TIMER_ENTRY,0,
1270027806,marker,PUB_STOP_MODE_OPERATOR_CONTROL,0,
1270124525,marker,PUB_STOP_MODE_OPERATOR_GEAR,0,
1270205769,marker,PUB_STOP_MODE_OPERATOR_TURN_INDICATORS,1,
1270285981,marker,PUB_STOP_MODE_OPERATOR_HAZARD_LIGHTS,1,
1270360231,marker,PATH_STOP_MODE_OPERATOR_ON_TIMER_EXIT,0,
1299620887,heartbeat,,12,1300
1302664994,marker,PATH_MRM_EMERGENCY_STOP_OPERATOR_ON_TIMER_ENTRY,1,
1302671306,marker,PUB_MRM_EMERGENCY_STOP_OPERATOR_EMERGENCY_CONTROL_CMD,1,
1302762725,marker,PUB_MRM_EMERGENCY_STOP_OPERATOR_STATUS,1,
1303001769,marker,PATH_MRM_EMERGENCY_STOP_OPERATOR_ON_TIMER_EXIT,1,
1303012081,marker,PATH_STOP_MODE_OPERATOR_ON_TIMER_ENTRY,0,
1303032462,marker,PUB_STOP_MODE_OPERATOR_CONTROL,0,
1303130137,marker,PUB_STOP_MODE_OPERATOR_GEAR,0,
1303210931,marker,PUB_STOP_MODE_OPERATOR_TURN_INDICATORS,1,
1303291900,marker,PUB_STOP_MODE_OPERATOR_HAZARD_LIGHTS,1,
1303365156,marker,PATH_STOP_MODE_OPERATOR_ON_TIMER_EXIT,0,
1315666875,marker,PATH_MRM_COMFORTABLE_STOP_OPERATOR_ON_TIMER_ENTRY,1,
1315679587,marker,PUB_MRM_COMFORTABLE_STOP_OPERATOR_STATUS,1,
1315915237,marker,PATH_MRM_COMFORTABLE_STOP_OPERATOR_ON_TIMER_EXIT,1,
1315925606,marker,PATH_MRM_HANDLER_ON_TIMER_ENTRY,1,
1315935350,marker,PATH_MRM_HANDLER_ON_TIMER_EXIT,0,
1335665100,marker,PATH_MRM_EMERGENCY_STOP_OPERATOR_ON_TIMER_ENTRY,1,
1335671569,marker,PUB_MRM_EMERGENCY_STOP_OPERATOR_EMERGENCY_CONTROL_CMD,1,
1335762906,marker,PUB_MRM_EMERGENCY_STOP_OPERATOR_STATUS,1,
1336001119,marker,PATH_MRM_EMERGENCY_STOP_OPERATOR_ON_TIMER_EXIT,1,
1336011344,marker,PATH_STOP_MODE_OPERATOR_ON_TIMER_ENTRY,0,
1336031369,marker,PUB_STOP_MODE_OPERATOR_CONTROL,0,
1336127900,marker,PUB_STOP_MODE_OPERATOR_GEAR,0,
1336208881,marker,PUB_STOP_MODE_OPERATOR_TURN_INDICATORS,1,
1336289562,marker,PUB_STOP_MODE_OPERATOR_HAZARD_LIGHTS,1,
1336363356,marker,PATH_STOP_MODE_OPERATOR_ON_TIMER_EXIT,0,
1368664875,marker,PATH_MRM_EMERGENCY_STOP_OPERATOR_ON_TIMER_ENTRY,1,
1368671769,marker,PUB_MRM_EMERGENCY_STOP_OPERATOR_EMERGENCY_CONTROL_CMD,1,
1368763444,marker,PUB_MRM_EMERGENCY_STOP_OPERATOR_STATUS,1,
1368996487,marker,PATH_MRM_EMERGENCY_STOP_OPERATOR_ON_TIMER_EXIT,1,
1369006794,marker,PATH_STOP_MODE_OPERATOR_ON_TIMER_ENTRY,0,
1369026762,marker,PUB_STOP_MODE_OPERATOR_CONTROL,0,
1369124175,marker,PUB_STOP_MODE_OPERATOR_GEAR,0,
1369206425,marker,PUB_STOP_MODE_OPERATOR_TURN_INDICATORS,1,
1369286237,marker,PUB_STOP_MODE_OPERATOR_HAZARD_LIGHTS,1,
1369360362,marker,PATH_STOP_MODE_OPERATOR_ON_TIMER_EXIT,0,
1399621169,heartbeat,,13,1400
1401665075,marker,PATH_MRM_EMERGENCY_STOP_OPERATOR_ON_TIMER_ENTRY,1,
1401671569,marker,PUB_MRM_EMERGENCY_STOP_OPERATOR_EMERGENCY_CONTROL_CMD,1,
1401762781,marker,PUB_MRM_EMERGENCY_STOP_OPERATOR_STATUS,1,
1402001431,marker,PATH_MRM_EMERGENCY_STOP_OPERATOR_ON_TIMER_EXIT,1,
1402011412,marker,PATH_STOP_MODE_OPERATOR_ON_TIMER_ENTRY,0,
1402031487,marker,PUB_STOP_MODE_OPERATOR_CONTROL,0,
1402128356,marker,PUB_STOP_MODE_OPERATOR_GEAR,0,
1402209344,marker,PUB_STOP_MODE_OPERATOR_TURN_INDICATORS,1,
1402289537,marker,PUB_STOP_MODE_OPERATOR_HAZARD_LIGHTS,1,
1402363919,marker,PATH_STOP_MODE_OPERATOR_ON_TIMER_EXIT,0,
1415665450,marker,PATH_MRM_COMFORTABLE_STOP_OPERATOR_ON_TIMER_ENTRY,1,
1415678631,marker,PUB_MRM_COMFORTABLE_STOP_OPERATOR_STATUS,1,
1415917219,marker,PATH_MRM_COMFORTABLE_STOP_OPERATOR_ON_TIMER_EXIT,1,
1415927875,marker,PATH_MRM_HANDLER_ON_TIMER_ENTRY,1,
1415937262,marker,PATH_MRM_HANDLER_ON_TIMER_EXIT,0,
1434665987,marker,PATH_MRM_EMERGENCY_STOP_OPERATOR_ON_TIMER_ENTRY,1,
1434673031,marker,PUB_MRM_EMERGENCY_STOP_OPERATOR_EMERGENCY_CONTROL_CMD,1,
1434765206,marker,PUB_MRM_EMERGENCY_STOP_OPERATOR_STATUS,1,
1435004575,marker,PATH_MRM_EMERGENCY_STOP_OPERATOR_ON_TIMER_EXIT,1,
1435014712,marker,PATH_STOP_MODE_OPERATOR_ON_TIMER_ENTRY,0,
1435035156,marker,PUB_STOP_MODE_OPERATOR_CONTROL,0,
1435132787,marker,PUB_STOP_MODE_OPERATOR_GEAR,0,
1435214037,marker,PUB_STOP_MODE_OPERATOR_TURN_INDICATORS,1,
1435293456,marker,PUB_STOP_MODE_OPERATOR_HAZARD_LIGHTS,1,
1435368931,marker,PATH_STOP_MODE_OPERATOR_ON_TIMER_EXIT,0,
1467665125,marker,PATH_MRM_EMERGENCY_STOP_OPERATOR_ON_TIMER_ENTRY,1,
1467671606,marker,PUB_MRM_EMERGENCY_STOP_OPERATOR_EMERGENCY_CONTROL_CMD,1,
1467763531,marker,PUB_MRM_EMERGENCY_STOP_OPERATOR_STATUS,1,
1467996294,marker,PATH_MRM_EMERGENCY_STOP_OPERATOR_ON_TIMER_EXIT,1,
1468006500,marker,PATH_STOP_MODE_OPERATOR_ON_TIMER_ENTRY,0,
1468026406,marker,PUB_STOP_MODE_OPERATOR_CONTROL,0,
1468123662,marker,PUB_STOP_MODE_OPERATOR_GEAR,0,
1468204156,marker,PUB_STOP_MODE_OPERATOR_TURN_INDICATORS,1,
1468284256,marker,PUB_STOP_MODE_OPERATOR_HAZARD_LIGHTS,1,
1468357956,marker,PATH_STOP_MODE_OPERATOR_ON_TIMER_EXIT,0,
1499621175,heartbeat,,14,1500
1500664981,marker,PATH_MRM_EMERGENCY_STOP_OPERATOR_ON_TIMER_ENTRY,1,
1500671381,marker,PUB_MRM_EMERGENCY_STOP_OPERATOR_EMERGENCY_CONTROL_CMD,1,
1500762594,marker,PUB_MRM_EMERGENCY_STOP_OPERATOR_STATUS,1,
1500999219,marker,PATH_MRM_EMERGENCY_STOP_OPERATOR_ON_TIMER_EXIT,1,
1501009400,marker,PATH_STOP_MODE_OPERATOR_ON_TIMER_ENTRY,0,
1501030125,marker,PUB_STOP_MODE_OPERATOR_CONTROL,0,
1501126712,marker,PUB_STOP_MODE_OPERATOR_GEAR,0,
1501207987,marker,PUB_STOP_MODE_OPERATOR_TURN_INDICATORS,1,
1501287881,marker,PUB_STOP_MODE_OPERATOR_HAZARD_LIGHTS,1,
1501361094,marker,PATH_STOP_MODE_OPERATOR_ON_TIMER_EXIT,0,
1515666006,marker,PATH_MRM_COMFORTABLE_STOP_OPERATOR_ON_TIMER_ENTRY,1,
1515678537,marker,PUB_MRM_COMFORTABLE_STOP_OPERATOR_STATUS,1,
1515916075,marker,PATH_MRM_COMFORTABLE_STOP_OPERATOR_ON_TIMER_EXIT,1,
1515926750,marker,PATH_MRM_HANDLER_ON_TIMER_ENTRY,1,
1515936256,marker,PATH_MRM_HANDLER_ON_TIMER_EXIT,0,
1533665969,marker,PATH_MRM_EMERGENCY_STOP_OPERATOR_ON_TIMER_ENTRY,1,
1533673000,marker,PUB_MRM_EMERGENCY_STOP_OPERATOR_EMERGENCY_CONTROL_CMD,1,
1533764406,marker,PUB_MRM_EMERGENCY_STOP_OPERATOR_STATUS,1,
1534002781,marker,PATH_MRM_EMERGENCY_STOP_OPERATOR_ON_TIMER_EXIT,1,
1534012969,marker,PATH_STOP_MODE_OPERATOR_ON_TIMER_ENTRY,0,
1534033581,marker,PUB_STOP_MODE_OPERATOR_CONTROL,0,
1534130487,marker,PUB_STOP_MODE_OPERATOR_GEAR,0,
1534211556,marker,PUB_STOP_MODE_OPERATOR_TURN_INDICATORS,1,
1534291094,marker,PUB_STOP_MODE_OPERATOR_HAZARD_LIGHTS,1,
1534365619,marker,PATH_STOP_MODE_OPERATOR_ON_TIMER_EXIT,0,
1566664969,marker,PATH_MRM_EMERGENCY_STOP_OPERATOR_ON_TIMER_ENTRY,1,
1566671644,marker,PUB_MRM_EMERGENCY_STOP_OPERATOR_EMERGENCY_CONTROL_CMD,1,
1566763681,marker,PUB_MRM_EMERGENCY_STOP_OPERATOR_STATUS,1,
1566998456,marker,PATH_MRM_EMERGENCY_STOP_OPERATOR_ON_TIMER_EXIT,1,
1567008775,marker,PATH_STOP_MODE_OPERATOR_ON_TIMER_ENTRY,0,
1567029131,marker,PUB_STOP_MODE_OPERATOR_CONTROL,0,
1567126675,marker,PUB_STOP_MODE_OPERATOR_GEAR,0,
1567208625,marker,PUB_STOP_MODE_OPERATOR_TURN_INDICATORS,1,
1567288012,marker,PUB_STOP_MODE_OPERATOR_HAZARD_LIGHTS,1,
1567361331,marker,PATH_STOP_MODE_OPERATOR_ON_TIMER_EXIT,0,
1599620950,heartbeat,,15,1600
1599681450,marker,PATH_MRM_EMERGENCY_STOP_OPERATOR_ON_TIMER_ENTRY,1,
1599688137,marker,PUB_MRM_EMERGENCY_STOP_OPERATOR_EMERGENCY_CONTROL_CMD,1,
1599780519,marker,PUB_MRM_EMERGENCY_STOP_OPERATOR_STATUS,1,
1600019394,marker,PATH_MRM_EMERGENCY_STOP_OPERATOR_ON_TIMER_EXIT,1,
1600029606,marker,PATH_STOP_MODE_OPERATOR_ON_TIMER_ENTRY,0,
1600050437,marker,PUB_STOP_MODE_OPERATOR_CONTROL,0,
1600147712,marker,PUB_STOP_MODE_OPERATOR_GEAR,0,
1600230406,marker,PUB_STOP_MODE_OPERATOR_TURN_INDICATORS,1,
1600309012,marker,PUB_STOP_MODE_OPERATOR_HAZARD_LIGHTS,1,
1600383281,marker,PATH_STOP_MODE_OPERATOR_ON_TIMER_EXIT,0,
1615667156,marker,PATH_MRM_COMFORTABLE_STOP_OPERATOR_ON_TIMER_ENTRY,1,
1615679631,marker,PUB_MRM_COMFORTABLE_STOP_OPERATOR_STATUS,1,
1615918900,marker,PATH_MRM_COMFORTABLE_STOP_OPERATOR_ON_TIMER_EXIT,1,
1615929625,marker,PATH_MRM_HANDLER_ON_TIMER_ENTRY,1,
1615938950,marker,PATH_MRM_HANDLER_ON_TIMER_EXIT,0,
1632665144,marker,PATH_MRM_EMERGENCY_STOP_OPERATOR_ON_TIMER_ENTRY,1,
1632671687,marker,PUB_MRM_EMERGENCY_STOP_OPERATOR_EMERGENCY_CONTROL_CMD,1,
1632764431,marker,PUB_MRM_EMERGENCY_STOP_OPERATOR_STATUS,1,
1632998144,marker,PATH_MRM_EMERGENCY_STOP_OPERATOR_ON_TIMER_EXIT,1,
1633008294,marker,PATH_STOP_MODE_OPERATOR_ON_TIMER_ENTRY,0,
1633029200,marker,PUB_STOP_MODE_OPERATOR_CONTROL,0,
1633126706,marker,PUB_STOP_MODE_OPERATOR_GEAR,0,
1633207544,marker,PUB_STOP_MODE_OPERATOR_TURN_INDICATORS,1,
1633287962,marker,PUB_STOP_MODE_OPERATOR_HAZARD_LIGHTS,1,
1633361037,marker,PATH_STOP_MODE_OPERATOR_ON_TIMER_EXIT,0,
1665663887,marker,PATH_MRM_EMERGENCY_STOP_OPERATOR_ON_TIMER_ENTRY,1,
1665670800,marker,PUB_MRM_EMERGENCY_STOP_OPERATOR_EMERGENCY_CONTROL_CMD,1,
1665762169,marker,PUB_MRM_EMERGENCY_STOP_OPERATOR_STATUS,1,
1666001794,marker,PATH_MRM_EMERGENCY_STOP_OPERATOR_ON_TIMER_EXIT,1,
1666011656,marker,PATH_STOP_MODE_OPERATOR_ON_TIMER_ENTRY,0,
1666032175,marker,PUB_STOP_MODE_OPERATOR_CONTROL,0,
1666129706,marker,PUB_STOP_MODE_OPERATOR_GEAR,0,
1666211537,marker,PUB_STOP_MODE_OPERATOR_TURN_INDICATORS,1,
1666292294,marker,PUB_STOP_MODE_OPERATOR_HAZARD_LIGHTS,1,
1666366131,marker,PATH_STOP_MODE_OPERATOR_ON_TIMER_EXIT,0,
1698666406,marker,PATH_MRM_EMERGENCY_STOP_OPERATOR_ON_TIMER_ENTRY,1,
1698673331,marker,PUB_MRM_EMERGENCY_STOP_OPERATOR_EMERGENCY_CONTROL_CMD,1,
1698765356,marker,PUB_MRM_EMERGENCY_STOP_OPERATOR_STATUS,1,
1699002569,marker,PATH_MRM_EMERGENCY_STOP_OPERATOR_ON_TIMER_EXIT,1,
1699012781,marker,PATH_STOP_MODE_OPERATOR_ON_TIMER_ENTRY,0,
1699033275,marker,PUB_STOP_MODE_OPERATOR_CONTROL,0,
1699131269,marker,PUB_STOP_MODE_OPERATOR_GEAR,0,
1699212119,marker,PUB_STOP_MODE_OPERATOR_TURN_INDICATORS,1,
1699292150,marker,PUB_STOP_MODE_OPERATOR_HAZARD_LIGHTS,1,
1699366675,marker,PATH_STOP_MODE_OPERATOR_ON_TIMER_EXIT,0,
1699621356,heartbeat,,16,1700
1715666094,marker,PATH_MRM_COMFORTABLE_STOP_OPERATOR_ON_TIMER_ENTRY,1,
1715678700,marker,PUB_MRM_COMFORTABLE_STOP_OPERATOR_STATUS,1,
1715915887,marker,PATH_MRM_COMFORTABLE_STOP_OPERATOR_ON_TIMER_EXIT,1,
1715926712,marker,PATH_MRM_HANDLER_ON_TIMER_ENTRY,1,
1715936394,marker,PATH_MRM_HANDLER_ON_TIMER_EXIT,0,
1731665200,marker,PATH_MRM_EMERGENCY_STOP_OPERATOR_ON_TIMER_ENTRY,1,
1731672062,marker,PUB_MRM_EMERGENCY_STOP_OPERATOR_EMERGENCY_CONTROL_CMD,1,
1731764687,marker,PUB_MRM_EMERGENCY_STOP_OPERATOR_STATUS,1,
1732000419,marker,PATH_MRM_EMERGENCY_STOP_OPERATOR_ON_TIMER_EXIT,1,
1732010381,marker,PATH_STOP_MODE_OPERATOR_ON_TIMER_ENTRY,0,
1732031412,marker,PUB_STOP_MODE_OPERATOR_CONTROL,0,
1732128437,marker,PUB_STOP_MODE_OPERATOR_GEAR,0,
1732209525,marker,PUB_STOP_MODE_OPERATOR_TURN_INDICATORS,1,
1732290244,marker,PUB_STOP_MODE_OPERATOR_HAZARD_LIGHTS,1,
1732364762,marker,PATH_STOP_MODE_OPERATOR_ON_TIMER_EXIT,0,
1764664625,marker,PATH_MRM_EMERGENCY_STOP_OPERATOR_ON_TIMER_ENTRY,1,
1764671675,marker,PUB_MRM_EMERGENCY_STOP_OPERATOR_EMERGENCY_CONTROL_CMD,1,
1764763819,marker,PUB_MRM_EMERGENCY_STOP_OPERATOR_STATUS,1,
1765001325,marker,PATH_MRM_EMERGENCY_STOP_OPERATOR_ON_TIMER_EXIT,1,
1765011675,marker,PATH_STOP_MODE_OPERATOR_ON_TIMER_ENTRY,0,
1765032012,marker,PUB_STOP_MODE_OPERATOR_CONTROL,0,
1765128269,marker,PUB_STOP_MODE_OPERATOR_GEAR,0,
1765208769,marker,PUB_STOP_MODE_OPERATOR_TURN_INDICATORS,1,
1765288406,marker,PUB_STOP_MODE_OPERATOR_HAZARD_LIGHTS,1,
1765362850,marker,PATH_STOP_MODE_OPERATOR_ON_TIMER_EXIT,0,
1797666262,marker,PATH_MRM_EMERGENCY_STOP_OPERATOR_ON_TIMER_ENTRY,1,
1797673106,marker,PUB_MRM_EMERGENCY_STOP_OPERATOR_EMERGENCY_CONTROL_CMD,1,
1797764456,marker,PUB_MRM_EMERGENCY_STOP_OPERATOR_STATUS,1,
1798003237,marker,PATH_MRM_EMERGENCY_STOP_OPERATOR_ON_TIMER_EXIT,1,
1798013612,marker,PATH_STOP_MODE_OPERATOR_ON_TIMER_ENTRY,0,
1798034631,marker,PUB_STOP_MODE_OPERATOR_CONTROL,0,
1798132219,marker,PUB_STOP_MODE_OPERATOR_GEAR,0,
1798214319,marker,PUB_STOP_MODE_OPERATOR_TURN_INDICATORS,1,
1798294631,marker,PUB_STOP_MODE_OPERATOR_HAZARD_LIGHTS,1,
1798369400,marker,PATH_STOP_MODE_OPERATOR_ON_TIMER_EXIT,0,
1799621175,heartbeat,,17,1800
1815665550,marker,PATH_MRM_COMFORTABLE_STOP_OPERATOR_ON_TIMER_ENTRY,1,
1815677987,marker,PUB_MRM_COMFORTABLE_STOP_OPERATOR_STATUS,1,
1815916800,marker,PATH_MRM_COMFORTABLE_STOP_OPERATOR_ON_TIMER_EXIT,1,
1815927450,marker,PATH_MRM_HANDLER_ON_TIMER_ENTRY,1,
1815937194,marker,PATH_MRM_HANDLER_ON_TIMER_EXIT,0,
1830664837,marker,PATH_MRM_EMERGENCY_STOP_OPERATOR_ON_TIMER_ENTRY,1,
1830671687,marker,PUB_MRM_EMERGENCY_STOP_OPERATOR_EMERGENCY_CONTROL_CMD,1,
1830764156,marker,PUB_MRM_EMERGENCY_STOP_OPERATOR_STATUS,1,
1830998019,marker,PATH_MRM_EMERGENCY_STOP_OPERATOR_ON_TIMER_EXIT,1,
1831008519,marker,PATH_STOP_MODE_OPERATOR_ON_TIMER_ENTRY,0,
1831029531,marker,PUB_STOP_MODE_OPERATOR_CONTROL,0,
1831128231,marker,PUB_STOP_MODE_OPERATOR_GEAR,0,
1831209394,marker,PUB_STOP_MODE_OPERATOR_TURN_INDICATORS,1,
1831289462,marker,PUB_STOP_MODE_OPERATOR_HAZARD_LIGHTS,1,
1831363650,marker,PATH_STOP_MODE_OPERATOR_ON_TIMER_EXIT,0,
1863664069,marker,PATH_MRM_EMERGENCY_STOP_OPERATOR_ON_TIMER_ENTRY,1,
1863670619,marker,PUB_MRM_EMERGENCY_STOP_OPERATOR_EMERGENCY_CONTROL_CMD,1,
1863763106,marker,PUB_MRM_EMERGENCY_STOP_OPERATOR_STATUS,1,
1864002825,marker,PATH_MRM_EMERGENCY_STOP_OPERATOR_ON_TIMER_EXIT,1,
1864013312,marker,PATH_STOP_MODE_OPERATOR_ON_TIMER_ENTRY,0,
1864033962,marker,PUB_STOP_MODE_OPERATOR_CONTROL,0,
1864132756,marker,PUB_STOP_MODE_OPERATOR_GEAR,0,
1864214150,marker,PUB_STOP_MODE_OPERATOR_TURN_INDICATORS,1,
1864294431,marker,PUB_STOP_MODE_OPERATOR_HAZARD_LIGHTS,1,
1864368606,marker,PATH_STOP_MODE_OPERATOR_ON_TIMER_EXIT,0,
1897468331,marker,PATH_MRM_EMERGENCY_STOP_OPERATOR_ON_TIMER_ENTRY,1,
1897475125,marker,PUB_MRM_EMERGENCY_STOP_OPERATOR_EMERGENCY_CONTROL_CMD,1,
1897565887,marker,PUB_MRM_EMERGENCY_STOP_OPERATOR_STATUS,1,
1897805181,marker,PATH_MRM_EMERGENCY_STOP_OPERATOR_ON_TIMER_EXIT,1,
1897815287,marker,PATH_STOP_MODE_OPERATOR_ON_TIMER_ENTRY,0,
1897835719,marker,PUB_STOP_MODE_OPERATOR_CONTROL,0,
1897931825,marker,PUB_STOP_MODE_OPERATOR_GEAR,0,
1898012906,marker,PUB_STOP_MODE_OPERATOR_TURN_INDICATORS,1,
1898093712,marker,PUB_STOP_MODE_OPERATOR_HAZARD_LIGHTS,1,
1898167269,marker,PATH_STOP_MODE_OPERATOR_ON_TIMER_EXIT,0,
1899621281,heartbeat,,18,1900
1915665756,marker,PATH_MRM_COMFORTABLE_STOP_OPERATOR_ON_TIMER_ENTRY,1,
1915678481,marker,PUB_MRM_COMFORTABLE_STOP_OPERATOR_STATUS,1,
1915917112,marker,PATH_MRM_COMFORTABLE_STOP_OPERATOR_ON_TIMER_EXIT,1,
1915927856,marker,PATH_MRM_HANDLER_ON_TIMER_ENTRY,1,
1915937750,marker,PATH_MRM_HANDLER_ON_TIMER_EXIT,0,
1929665981,marker,PATH_MRM_EMERGENCY_STOP_OPERATOR_ON_TIMER_ENTRY,1,
1929672794,marker,PUB_MRM_EMERGENCY_STOP_OPERATOR_EMERGENCY_CONTROL_CMD,1,
1929764387,marker,PUB_MRM_EMERGENCY_STOP_OPERATOR_STATUS,1,
1929999044,marker,PATH_MRM_EMERGENCY_STOP_OPERATOR_ON_TIMER_EXIT,1,
1930009500,marker,PATH_STOP_MODE_OPERATOR_ON_TIMER_ENTRY,0,
1930029969,marker,PUB_STOP_MODE_OPERATOR_CONTROL,0,
1930127600,marker,PUB_STOP_MODE_OPERATOR_GEAR,0,
1930209762,marker,PUB_STOP_MODE_OPERATOR_TURN_INDICATORS,1,
1930290044,marker,PUB_STOP_MODE_OPERATOR_HAZARD_LIGHTS,1,
1930364287,marker,PATH_STOP_MODE_OPERATOR_ON_TIMER_EXIT,0,
1962664206,marker,PATH_MRM_EMERGENCY_STOP_OPERATOR_ON_TIMER_ENTRY,1,
1962670931,marker,PUB_MRM_EMERGENCY_STOP_OPERATOR_EMERGENCY_CONTROL_CMD,1,
1962762256,marker,PUB_MRM_EMERGENCY_STOP_OPERATOR_STATUS,1,
1963002931,marker,PATH_MRM_EMERGENCY_STOP_OPERATOR_ON_TIMER_EXIT,1,
1963013194,marker,PATH_STOP_MODE_OPERATOR_ON_TIMER_ENTRY,0,
1963034500,marker,PUB_STOP_MODE_OPERATOR_CONTROL,0,
1963132662,marker,PUB_STOP_MODE_OPERATOR_GEAR,0,
1963213662,marker,PUB_STOP_MODE_OPERATOR_TURN_INDICATORS,1,
1963292937,marker,PUB_STOP_MODE_OPERATOR_HAZARD_LIGHTS,1,
1963366806,marker,PATH_STOP_MODE_OPERATOR_ON_TIMER_EXIT,0,
1995664744,marker,PATH_MRM_EMERGENCY_STOP_OPERATOR_ON_TIMER_ENTRY,1,
1995671750,marker,PUB_MRM_EMERGENCY_STOP_OPERATOR_EMERGENCY_CONTROL_CMD,1,
1995763331,marker,PUB_MRM_EMERGENCY_STOP_OPERATOR_STATUS,1,
1995997444,marker,PATH_MRM_EMERGENCY_STOP_OPERATOR_ON_TIMER_EXIT,1,
1996007412,marker,PATH_STOP_MODE_OPERATOR_ON_TIMER_ENTRY,0,
1996027800,marker,PUB_STOP_MODE_OPERATOR_CONTROL,0,
1996125550,marker,PUB_STOP_MODE_OPERATOR_GEAR,0,
1996206144,marker,PUB_STOP_MODE_OPERATOR_TURN_INDICATORS,1,
1996286569,marker,PUB_STOP_MODE_OPERATOR_HAZARD_LIGHTS,1,
1996362487,marker,PATH_STOP_MODE_OPERATOR_ON_TIMER_EXIT,0,
1999621062,heartbeat,,19,2000
2015665950,marker,PATH_MRM_COMFORTABLE_STOP_OPERATOR_ON_TIMER_ENTRY,1,
2015678281,marker,PUB_MRM_COMFORTABLE_STOP_OPERATOR_STATUS,1,
2015921294,marker,PATH_MRM_COMFORTABLE_STOP_OPERATOR_ON_TIMER_EXIT,1,
2015931881,marker,PATH_MRM_HANDLER_ON_TIMER_ENTRY,1,
2015941194,marker,PATH_MRM_HANDLER_ON_TIMER_EXIT,0,
2028665637,marker,PATH_MRM_EMERGENCY_STOP_OPERATOR_ON_TIMER_ENTRY,1,
2028672269,marker,PUB_MRM_EMERGENCY_STOP_OPERATOR_EMERGENCY_CONTROL_CMD,1,
2028763694,marker,PUB_MRM_EMERGENCY_STOP_OPERATOR_STATUS,1,
2028997131,marker,PATH_MRM_EMERGENCY_STOP_OPERATOR_ON_TIMER_EXIT,1,
2029006731,marker,PATH_STOP_MODE_OPERATOR_ON_TIMER_ENTRY,0,
2029026081,marker,PUB_STOP_MODE_OPERATOR_CONTROL,0,
2029122275,marker,PUB_STOP_MODE_OPERATOR_GEAR,0,
2029202187,marker,PUB_STOP_MODE_OPERATOR_TURN_INDICATORS,1,
2029282281,marker,PUB_STOP_MODE_OPERATOR_HAZARD_LIGHTS,1,
2029356119,marker,PATH_STOP_MODE_OPERATOR_ON_TIMER_EXIT,0,
2061666250,marker,PATH_MRM_EMERGENCY_STOP_OPERATOR_ON_TIMER_ENTRY,1,
2061673094,marker,PUB_MRM_EMERGENCY_STOP_OPERATOR_EMERGENCY_CONTROL_CMD,1,
2061764969,marker,PUB_MRM_EMERGENCY_STOP_OPERATOR_STATUS,1,
2062003944,marker,PATH_MRM_EMERGENCY_STOP_OPERATOR_ON_TIMER_EXIT,1,
2062013819,marker,PATH_STOP_MODE_OPERATOR_ON_TIMER_ENTRY,0,
2062033669,marker,PUB_STOP_MODE_OPERATOR_CONTROL,0,
2062130444,marker,PUB_STOP_MODE_OPERATOR_GEAR,0,
2062211275,marker,PUB_STOP_MODE_OPERATOR_TURN_INDICATORS,1,
2062291844,marker,PUB_STOP_MODE_OPERATOR_HAZARD_LIGHTS,1,
2062364831,marker,PATH_STOP_MODE_OPERATOR_ON_TIMER_EXIT,0,
2094665125,marker,PATH_MRM_EMERGENCY_STOP_OPERATOR_ON_TIMER_ENTRY,1,
2094671775,marker,PUB_MRM_EMERGENCY_STOP_OPERATOR_EMERGENCY_CONTROL_CMD,1,
2094762962,marker,PUB_MRM_EMERGENCY_STOP_OPERATOR_STATUS,1,
2094995600,marker,PATH_MRM_EMERGENCY_STOP_OPERATOR_ON_TIMER_EXIT,1,
2095005687,marker,PATH_STOP_MODE_OPERATOR_ON_TIMER_ENTRY,0,
2095026006,marker,PUB_STOP_MODE_OPERATOR_CONTROL,0,
2095121262,marker,PUB_STOP_MODE_OPERATOR_GEAR,0,
2095201925,marker,PUB_STOP_MODE_OPERATOR_TURN_INDICATORS,1,
2095282075,marker,PUB_STOP_MODE_OPERATOR_HAZARD_LIGHTS,1,
2095355994,marker,PATH_STOP_MODE_OPERATOR_ON_TIMER_EXIT,0,
2099620962,heartbeat,,20,2100
2114666025,marker,PATH_MRM_COMFORTABLE_STOP_OPERATOR_ON_TIMER_ENTRY,1,
2114679000,marker,PUB_MRM_COMFORTABLE_STOP_OPERATOR_STATUS,1,
2114919344,marker,PATH_MRM_COMFORTABLE_STOP_OPERATOR_ON_TIMER_EXIT,1,
2114929550,marker,PATH_MRM_HANDLER_ON_TIMER_ENTRY,1,
2114938975,marker,PATH_MRM_HANDLER_ON_TIMER_EXIT,0,
2127666144,marker,PATH_MRM_EMERGENCY_STOP_OPERATOR_ON_TIMER_ENTRY,1,
2127672575,marker,PUB_MRM_EMERGENCY_STOP_OPERATOR_EMERGENCY_CONTROL_CMD,1,
2127763925,marker,PUB_MRM_EMERGENCY_STOP_OPERATOR_STATUS,1,
2127997462,marker,PATH_MRM_EMERGENCY_STOP_OPERATOR_ON_TIMER_EXIT,1,
2128007619,marker,PATH_STOP_MODE_OPERATOR_ON_TIMER_ENTRY,0,
2128027169,marker,PUB_STOP_MODE_OPERATOR_CONTROL,0,
2128124662,marker,PUB_STOP_MODE_OPERATOR_GEAR,0,
2128206281,marker,PUB_STOP_MODE_OPERATOR_TURN_INDICATORS,1,
2128285925,marker,PUB_STOP_MODE_OPERATOR_HAZARD_LIGHTS,1,
2128359025,marker,PATH_STOP_MODE_OPERATOR_ON_TIMER_EXIT,0,
2160665937,marker,PATH_MRM_EMERGENCY_STOP_OPERATOR_ON_TIMER_ENTRY,1,
2160672837,marker,PUB_MRM_EMERGENCY_STOP_OPERATOR_EMERGENCY_CONTROL_CMD,1,
2160763431,marker,PUB_MRM_EMERGENCY_STOP_OPERATOR_STATUS,1,
2161002006,marker,PATH_MRM_EMERGENCY_STOP_OPERATOR_ON_TIMER_EXIT,1,
2161012200,marker,PATH_STOP_MODE_OPERATOR_ON_TIMER_ENTRY,0,
2161032925,marker,PUB_STOP_MODE_OPERATOR_CONTROL,0,
2161130219,marker,PUB_STOP_MODE_OPERATOR_GEAR,0,
2161211394,marker,PUB_STOP_MODE_OPERATOR_TURN_INDICATORS,1,
2161291600,marker,PUB_STOP_MODE_OPERATOR_HAZARD_LIGHTS,1,
2161365375,marker,PATH_STOP_MODE_OPERATOR_ON_TIMER_EXIT,0,
2192665669,marker,PATH_MRM_EMERGENCY_STOP_OPERATOR_ON_TIMER_ENTRY,1,
2192672406,marker,PUB_MRM_EMERGENCY_STOP_OPERATOR_EMERGENCY_CONTROL_CMD,1,
2192763225,marker,PUB_MRM_EMERGENCY_STOP_OPERATOR_STATUS,1,
2192997781,marker,PATH_MRM_EMERGENCY_STOP_OPERATOR_ON_TIMER_EXIT,1,
2193008100,marker,PATH_STOP_MODE_OPERATOR_ON_TIMER_ENTRY,0,
2193027981,marker,PUB_STOP_MODE_OPERATOR_CONTROL,0,
2193125575,marker,PUB_STOP_MODE_OPERATOR_GEAR,0,
2193207006,marker,PUB_STOP_MODE_OPERATOR_TURN_INDICATORS,1,
2193286875,marker,PUB_STOP_MODE_OPERATOR_HAZARD_LIGHTS,1,
2193360337,marker,PATH_STOP_MODE_OPERATOR_ON_TIMER_EXIT,0,
2199620987,heartbeat,,21,2200
2214667100,marker,PATH_MRM_COMFORTABLE_STOP_OPERATOR_ON_TIMER_ENTRY,1,
2214680281,marker,PUB_MRM_COMFORTABLE_STOP_OPERATOR_STATUS,1,
2214922750,marker,PATH_MRM_COMFORTABLE_STOP_OPERATOR_ON_TIMER_EXIT,1,
2214933550,marker,PATH_MRM_HANDLER_ON_TIMER_ENTRY,1,
2214943075,marker,PATH_MRM_HANDLER_ON_TIMER_EXIT,0,
2225687475,marker,PATH_MRM_EMERGENCY_STOP_OPERATOR_ON_TIMER_ENTRY,1,
2225693969,marker,PUB_MRM_EMERGENCY_STOP_OPERATOR_EMERGENCY_CONTROL_CMD,1,
2225785706,marker,PUB_MRM_EMERGENCY_STOP_OPERATOR_STATUS,1,
2226019306,marker,PATH_MRM_EMERGENCY_STOP_OPERATOR_ON_TIMER_EXIT,1,
2226061362,marker,PATH_STOP_MODE_OPERATOR_ON_TIMER_ENTRY,0,
2226081650,marker,PUB_STOP_MODE_OPERATOR_CONTROL,0,
2226178575,marker,PUB_STOP_MODE_OPERATOR_GEAR,0,
2226258594,marker,PUB_STOP_MODE_OPERATOR_TURN_INDICATORS,1,
2226338200,marker,PUB_STOP_MODE_OPERATOR_HAZARD_LIGHTS,1,
2226411456,marker,PATH_STOP_MODE_OPERATOR_ON_TIMER_EXIT,0,
2258663525,marker,PATH_MRM_EMERGENCY_STOP_OPERATOR_ON_TIMER_ENTRY,1,
2258669950,marker,PUB_MRM_EMERGENCY_STOP_OPERATOR_EMERGENCY_CONTROL_CMD,1,
2258761831,marker,PUB_MRM_EMERGENCY_STOP_OPERATOR_STATUS,1,
2258995600,marker,PATH_MRM_EMERGENCY_STOP_OPERATOR_ON_TIMER_EXIT,1,
2259005719,marker,PATH_STOP_MODE_OPERATOR_ON_TIMER_ENTRY,0,
2259025631,marker,PUB_STOP_MODE_OPERATOR_CONTROL,0,
2259123150,marker,PUB_STOP_MODE_OPERATOR_GEAR,0,
2259203144,marker,PUB_STOP_MODE_OPERATOR_TURN_INDICATORS,1,
2259282300,marker,PUB_STOP_MODE_OPERATOR_HAZARD_LIGHTS,1,
2259356019,marker,PATH_STOP_MODE_OPERATOR_ON_TIMER_EXIT,0,
2291664156,marker,PATH_MRM_EMERGENCY_STOP_OPERATOR_ON_TIMER_ENTRY,1,
2291671012,marker,PUB_MRM_EMERGENCY_STOP_OPERATOR_EMERGENCY_CONTROL_CMD,1,
2291762219,marker,PUB_MRM_EMERGENCY_STOP_OPERATOR_STATUS,1,
2292000687,marker,PATH_MRM_EMERGENCY_STOP_OPERATOR_ON_TIMER_EXIT,1,
2292011069,marker,PATH_STOP_MODE_OPERATOR_ON_TIMER_ENTRY,0,
2292031269,marker,PUB_STOP_MODE_OPERATOR_CONTROL,0,
2292128656,marker,PUB_STOP_MODE_OPERATOR_GEAR,0,
2292209906,marker,PUB_STOP_MODE_OPERATOR_TURN_INDICATORS,1,
2292289781,marker,PUB_STOP_MODE_OPERATOR_HAZARD_LIGHTS,1,
2292363806,marker,PATH_STOP_MODE_OPERATOR_ON_TIMER_EXIT,0,
2299621337,heartbeat,,22,2300
2314476512,marker,PATH_MRM_COMFORTABLE_STOP_OPERATOR_ON_TIMER_ENTRY,1,
2314488869,marker,PUB_MRM_COMFORTABLE_STOP_OPERATOR_STATUS,1,
2314728969,marker,PATH_MRM_COMFORTABLE_STOP_OPERATOR_ON_TIMER_EXIT,1,
2314739837,marker,PATH_MRM_HANDLER_ON_TIMER_ENTRY,1,
2314749012,marker,PATH_MRM_HANDLER_ON_TIMER_EXIT,0,
2325686912,marker,PATH_MRM_EMERGENCY_STOP_OPERATOR_ON_TIMER_ENTRY,1,
2325693187,marker,PUB_MRM_EMERGENCY_STOP_OPERATOR_EMERGENCY_CONTROL_CMD,1,
2325784650,marker,PUB_MRM_EMERGENCY_STOP_OPERATOR_STATUS,1,
2326019662,marker,PATH_MRM_EMERGENCY_STOP_OPERATOR_ON_TIMER_EXIT,1,
2326061419,marker,PATH_STOP_MODE_OPERATOR_ON_TIMER_ENTRY,0,
2326082425,marker,PUB_STOP_MODE_OPERATOR_CONTROL,0,
2326180419,marker,PUB_STOP_MODE_OPERATOR_GEAR,0,
2326260675,marker,PUB_STOP_MODE_OPERATOR_TURN_INDICATORS,1,
2326340487,marker,PUB_STOP_MODE_OPERATOR_HAZARD_LIGHTS,1,
2326414837,marker,PATH_STOP_MODE_OPERATOR_ON_TIMER_EXIT,0,
2358665225,marker,PATH_MRM_EMERGENCY_STOP_OPERATOR_ON_TIMER_ENTRY,1,
2358672194,marker,PUB_MRM_EMERGENCY_STOP_OPERATOR_EMERGENCY_CONTROL_CMD,1,
2358764700,marker,PUB_MRM_EMERGENCY_STOP_OPERATOR_STATUS,1,
2359000487,marker,PATH_MRM_EMERGENCY_STOP_OPERATOR_ON_TIMER_EXIT,1,
2359010856,marker,PATH_STOP_MODE_OPERATOR_ON_TIMER_ENTRY,0,
2359031831,marker,PUB_STOP_MODE_OPERATOR_CONTROL,0,
2359128819,marker,PUB_STOP_MODE_OPERATOR_GEAR,0,
2359209987,marker,PUB_STOP_MODE_OPERATOR_TURN_INDICATORS,1,
2359291281,marker,PUB_STOP_MODE_OPERATOR_HAZARD_LIGHTS,1,
2359364562,marker,PATH_STOP_MODE_OPERATOR_ON_TIMER_EXIT,0,
2391663975,marker,PATH_MRM_EMERGENCY_STOP_OPERATOR_ON_TIMER_ENTRY,1,
2391670662,marker,PUB_MRM_EMERGENCY_STOP_OPERATOR_EMERGENCY_CONTROL_CMD,1,
2391762362,marker,PUB_MRM_EMERGENCY_STOP_OPERATOR_STATUS,1,
2392001912,marker,PATH_MRM_EMERGENCY_STOP_OPERATOR_ON_TIMER_EXIT,1,
2392011881,marker,PATH_STOP_MODE_OPERATOR_ON_TIMER_ENTRY,0,
2392032919,marker,PUB_STOP_MODE_OPERATOR_CONTROL,0,
2392130312,marker,PUB_STOP_MODE_OPERATOR_GEAR,0,
2392211800,marker,PUB_STOP_MODE_OPERATOR_TURN_INDICATORS,1,
2392290481,marker,PUB_STOP_MODE_OPERATOR_HAZARD_LIGHTS,1,
2392365181,marker,PATH_STOP_MODE_OPERATOR_ON_TIMER_EXIT,0,
2399621087,heartbeat,,23,2400
2415665225,marker,PATH_MRM_COMFORTABLE_STOP_OPERATOR_ON_TIMER_ENTRY,1,
2415678131,marker,PUB_MRM_COMFORTABLE_STOP_OPERATOR_STATUS,1,
2415915094,marker,PATH_MRM_COMFORTABLE_STOP_OPERATOR_ON_TIMER_EXIT,1,
2415925812,marker,PATH_MRM_HANDLER_ON_TIMER_ENTRY,1,
2415935256,marker,PATH_MRM_HANDLER_ON_TIMER_EXIT,0,
2424687419,marker,PATH_MRM_EMERGENCY_STOP_OPERATOR_ON_TIMER_ENTRY,1,
2424693819,marker,PUB_MRM_EMERGENCY_STOP_OPERATOR_EMERGENCY_CONTROL_CMD,1,
2424785106,marker,PUB_MRM_EMERGENCY_STOP_OPERATOR_STATUS,1,
2425022869,marker,PATH_MRM_EMERGENCY_STOP_OPERATOR_ON_TIMER_EXIT,1,
2425065325,marker,PATH_STOP_MODE_OPERATOR_ON_TIMER_ENTRY,0,
2425085787,marker,PUB_STOP_MODE_OPERATOR_CONTROL,0,
2425183744,marker,PUB_STOP_MODE_OPERATOR_GEAR,0,
2425264719,marker,PUB_STOP_MODE_OPERATOR_TURN_INDICATORS,1,
2425344494,marker,PUB_STOP_MODE_OPERATOR_HAZARD_LIGHTS,1,
2425418881,marker,PATH_STOP_MODE_OPERATOR_ON_TIMER_EXIT,0,
2457663969,marker,PATH_MRM_EMERGENCY_STOP_OPERATOR_ON_TIMER_ENTRY,1,
2457670787,marker,PUB_MRM_EMERGENCY_STOP_OPERATOR_EMERGENCY_CONTROL_CMD,1,
2457763362,marker,PUB_MRM_EMERGENCY_STOP_OPERATOR_STATUS,1,
2457999637,marker,PATH_MRM_EMERGENCY_STOP_OPERATOR_ON_TIMER_EXIT,1,
2458009544,marker,PATH_STOP_MODE_OPERATOR_ON_TIMER_ENTRY,0,
2458030537,marker,PUB_STOP_MODE_OPERATOR_CONTROL,0,
2458128394,marker,PUB_STOP_MODE_OPERATOR_GEAR,0,
2458209244,marker,PUB_STOP_MODE_OPERATOR_TURN_INDICATORS,1,
2458288987,marker,PUB_STOP_MODE_OPERATOR_HAZARD_LIGHTS,1,
2458362444,marker,PATH_STOP_MODE_OPERATOR_ON_TIMER_EXIT,0,
2490664606,marker,PATH_MRM_EMERGENCY_STOP_OPERATOR_ON_TIMER_ENTRY,1,
2490671469,marker,PUB_MRM_EMERGENCY_STOP_OPERATOR_EMERGENCY_CONTROL_CMD,1,
2490764219,marker,PUB_MRM_EMERGENCY_STOP_OPERATOR_STATUS,1,
2491001937,marker,PATH_MRM_EMERGENCY_STOP_OPERATOR_ON_TIMER_EXIT,1,
2491011675,marker,PATH_STOP_MODE_OPERATOR_ON_TIMER_ENTRY,0,
2491031706,marker,PUB_STOP_MODE_OPERATOR_CONTROL,0,
2491129169,marker,PUB_STOP_MODE_OPERATOR_GEAR,0,
2491210575,marker,PUB_STOP_MODE_OPERATOR_TURN_INDICATORS,1,
2491290375,marker,PUB_STOP_MODE_OPERATOR_HAZARD_LIGHTS,1,
2491364537,marker,PATH_STOP_MODE_OPERATOR_ON_TIMER_EXIT,0,
2499621150,heartbeat,,24,2500
2515665325,marker,PATH_MRM_COMFORTABLE_STOP_OPERATOR_ON_TIMER_ENTRY,1,
2515678206,marker,PUB_MRM_COMFORTABLE_STOP_OPERATOR_STATUS,1,
2515913769,marker,PATH_MRM_COMFORTABLE_STOP_OPERATOR_ON_TIMER_EXIT,1,
2515924719,marker,PATH_MRM_HANDLER_ON_TIMER_ENTRY,1,
2515934462,marker,PATH_MRM_HANDLER_ON_TIMER_EXIT,0,
2523688544,marker,PATH_MRM_EMERGENCY_STOP_OPERATOR_ON_TIMER_ENTRY,1,
2523694800,marker,PUB_MRM_EMERGENCY_STOP_OPERATOR_EMERGENCY_CONTROL_CMD,1,
2523786762,marker,PUB_MRM_EMERGENCY_STOP_OPERATOR_STATUS,1,
2524025887,marker,PATH_MRM_EMERGENCY_STOP_OPERATOR_ON_TIMER_EXIT,1,
2524067956,marker,PATH_STOP_MODE_OPERATOR_ON_TIMER_ENTRY,0,
2524088812,marker,PUB_STOP_MODE_OPERATOR_CONTROL,0,
2524187800,marker,PUB_STOP_MODE_OPERATOR_GEAR,0,
2524269112,marker,PUB_STOP_MODE_OPERATOR_TURN_INDICATORS,1,
2524349631,marker,PUB_STOP_MODE_OPERATOR_HAZARD_LIGHTS,1,
2524423275,marker,PATH_STOP_MODE_OPERATOR_ON_TIMER_EXIT,0,
2556664262,marker,PATH_MRM_EMERGENCY_STOP_OPERATOR_ON_TIMER_ENTRY,1,
2556671062,marker,PUB_MRM_EMERGENCY_STOP_OPERATOR_EMERGENCY_CONTROL_CMD,1,
2556762725,marker,PUB_MRM_EMERGENCY_STOP_OPERATOR_STATUS,1,
2556995375,marker,PATH_MRM_EMERGENCY_STOP_OPERATOR_ON_TIMER_EXIT,1,
2557005444,marker,PATH_STOP_MODE_OPERATOR_ON_TIMER_ENTRY,0,
2557025800,marker,PUB_STOP_MODE_OPERATOR_CONTROL,0,
2557122962,marker,PUB_STOP_MODE_OPERATOR_GEAR,0,
2557203819,marker,PUB_STOP_MODE_OPERATOR_TURN_INDICATORS,1,
2557285281,marker,PUB_STOP_MODE_OPERATOR_HAZARD_LIGHTS,1,
2557360056,marker,PATH_STOP_MODE_OPERATOR_ON_TIMER_EXIT,0,
2589665431,marker,PATH_MRM_EMERGENCY_STOP_OPERATOR_ON_TIMER_ENTRY,1,
2589672006,marker,PUB_MRM_EMERGENCY_STOP_OPERATOR_EMERGENCY_CONTROL_CMD,1,
2589764131,marker,PUB_MRM_EMERGENCY_STOP_OPERATOR_STATUS,1,
2590000506,marker,PATH_MRM_EMERGENCY_STOP_OPERATOR_ON_TIMER_EXIT,1,
2590010894,marker,PATH_STOP_MODE_OPERATOR_ON_TIMER_ENTRY,0,
2590032025,marker,PUB_STOP_MODE_OPERATOR_CONTROL,0,
2590128731,marker,PUB_STOP_MODE_OPERATOR_GEAR,0,
2590209812,marker,PUB_STOP_MODE_OPERATOR_TURN_INDICATORS,1,
2590289912,marker,PUB_STOP_MODE_OPERATOR_HAZARD_LIGHTS,1,
2590363306,marker,PATH_STOP_MODE_OPERATOR_ON_TIMER_EXIT,0,
2599620919,heartbeat,,25,2600
2615665725,marker,PATH_MRM_COMFORTABLE_STOP_OPERATOR_ON_TIMER_ENTRY,1,
2615678081,marker,PUB_MRM_COMFORTABLE_STOP_OPERATOR_STATUS,1,
2615915975,marker,PATH_MRM_COMFORTABLE_STOP_OPERATOR_ON_TIMER_EXIT,1,
2615926950,marker,PATH_MRM_HANDLER_ON_TIMER_ENTRY,1,
2615936775,marker,PATH_MRM_HANDLER_ON_TIMER_EXIT,0,
2622686762,marker,PATH_MRM_EMERGENCY_STOP_OPERATOR_ON_TIMER_ENTRY,1,
2622693094,marker,PUB_MRM_EMERGENCY_STOP_OPERATOR_EMERGENCY_CONTROL_CMD,1,
2622784225,marker,PUB_MRM_EMERGENCY_STOP_OPERATOR_STATUS,1,
2623017569,marker,PATH_MRM_EMERGENCY_STOP_OPERATOR_ON_TIMER_EXIT,1,
2623058600,marker,PATH_STOP_MODE_OPERATOR_ON_TIMER_ENTRY,0,
2623078575,marker,PUB_STOP_MODE_OPERATOR_CONTROL,0,
2623175894,marker,PUB_STOP_MODE_OPERATOR_GEAR,0,
2623257431,marker,PUB_STOP_MODE_OPERATOR_TURN_INDICATORS,1,
2623338112,marker,PUB_STOP_MODE_OPERATOR_HAZARD_LIGHTS,1,
2623412944,marker,PATH_STOP_MODE_OPERATOR_ON_TIMER_EXIT,0,
2655664137,marker,PATH_MRM_EMERGENCY_STOP_OPERATOR_ON_TIMER_ENTRY,1,
2655671294,marker,PUB_MRM_EMERGENCY_STOP_OPERATOR_EMERGENCY_CONTROL_CMD,1,
2655763231,marker,PUB_MRM_EMERGENCY_STOP_OPERATOR_STATUS,1,
2656002225,marker,PATH_MRM_EMERGENCY_STOP_OPERATOR_ON_TIMER_EXIT,1,
2656012531,marker,PATH_STOP_MODE_OPERATOR_ON_TIMER_ENTRY,0,
2656032900,marker,PUB_STOP_MODE_OPERATOR_CONTROL,0,
2656128806,marker,PUB_STOP_MODE_OPERATOR_GEAR,0,
2656210700,marker,PUB_STOP_MODE_OPERATOR_TURN_INDICATORS,1,
2656292025,marker,PUB_STOP_MODE_OPERATOR_HAZARD_LIGHTS,1,
2656365831,marker,PATH_STOP_MODE_OPERATOR_ON_TIMER_EXIT,0,
2688666256,marker,PATH_MRM_EMERGENCY_STOP_OPERATOR_ON_TIMER_ENTRY,1,
2688672912,marker,PUB_MRM_EMERGENCY_STOP_OPERATOR_EMERGENCY_CONTROL_CMD,1,
2688764175,marker,PUB_MRM_EMERGENCY_STOP_OPERATOR_STATUS,1,
2689002344,marker,PATH_MRM_EMERGENCY_STOP_OPERATOR_ON_TIMER_EXIT,1,
2689012400,marker,PATH_STOP_MODE_OPERATOR_ON_TIMER_ENTRY,0,
2689032919,marker,PUB_STOP_MODE_OPERATOR_CONTROL,0,
2689129637,marker,PUB_STOP_MODE_OPERATOR_GEAR,0,
2689210594,marker,PUB_STOP_MODE_OPERATOR_TURN_INDICATORS,1,
2689289831,marker,PUB_STOP_MODE_OPERATOR_HAZARD_LIGHTS,1,
2689363562,marker,PATH_STOP_MODE_OPERATOR_ON_TIMER_EXIT,0,
2699621087,heartbeat,,26,2700
2715664706,marker,PATH_MRM_COMFORTABLE_STOP_OPERATOR_ON_TIMER_ENTRY,1,
2715677587,marker,PUB_MRM_COMFORTABLE_STOP_OPERATOR_STATUS,1,
2715915312,marker,PATH_MRM_COMFORTABLE_STOP_OPERATOR_ON_TIMER_EXIT,1,
2715925875,marker,PATH_MRM_HANDLER_ON_TIMER_ENTRY,1,
2715935562,marker,PATH_MRM_HANDLER_ON_TIMER_EXIT,0,
2721687100,marker,PATH_MRM_EMERGENCY_STOP_OPERATOR_ON_TIMER_ENTRY,1,
2721693237,marker,PUB_MRM_EMERGENCY_STOP_OPERATOR_EMERGENCY_CONTROL_CMD,1,
2721784631,marker,PUB_MRM_EMERGENCY_STOP_OPERATOR_STATUS,1,
2722017031,marker,PATH_MRM_EMERGENCY_STOP_OPERATOR_ON_TIMER_EXIT,1,
2722060100,marker,PATH_STOP_MODE_OPERATOR_ON_TIMER_ENTRY,0,
2722080575,marker,PUB_STOP_MODE_OPERATOR_CONTROL,0,
2722177331,marker,PUB_STOP_MODE_OPERATOR_GEAR,0,
2722259106,marker,PUB_STOP_MODE_OPERATOR_TURN_INDICATORS,1,
2722340162,marker,PUB_STOP_MODE_OPERATOR_HAZARD_LIGHTS,1,
2722413744,marker,PATH_STOP_MODE_OPERATOR_ON_TIMER_EXIT,0,
2754664437,marker,PATH_MRM_EMERGENCY_STOP_OPERATOR_ON_TIMER_ENTRY,1,
2754671256,marker,PUB_MRM_EMERGENCY_STOP_OPERATOR_EMERGENCY_CONTROL_CMD,1,
2754762362,marker,PUB_MRM_EMERGENCY_STOP_OPERATOR_STATUS,1,
2755002444,marker,PATH_MRM_EMERGENCY_STOP_OPERATOR_ON_TIMER_EXIT,1,
2755012425,marker,PATH_STOP_MODE_OPERATOR_ON_TIMER_ENTRY,0,
2755032869,marker,PUB_STOP_MODE_OPERATOR_CONTROL,0,
2755130475,marker,PUB_STOP_MODE_OPERATOR_GEAR,0,
2755212525,marker,PUB_STOP_MODE_OPERATOR_TURN_INDICATORS,1,
2755293394,marker,PUB_STOP_MODE_OPERATOR_HAZARD_LIGHTS,1,
2755366969,marker,PATH_STOP_MODE_OPERATOR_ON_TIMER_EXIT,0,
2787665794,marker,PATH_MRM_EMERGENCY_STOP_OPERATOR_ON_TIMER_ENTRY,1,
2787672562,marker,PUB_MRM_EMERGENCY_STOP_OPERATOR_EMERGENCY_CONTROL_CMD,1,
2787763556,marker,PUB_MRM_EMERGENCY_STOP_OPERATOR_STATUS,1,
2788000669,marker,PATH_MRM_EMERGENCY_STOP_OPERATOR_ON_TIMER_EXIT,1,
2788010669,marker,PATH_STOP_MODE_OPERATOR_ON_TIMER_ENTRY,0,
2788030806,marker,PUB_STOP_MODE_OPERATOR_CONTROL,0,
2788128019,marker,PUB_STOP_MODE_OPERATOR_GEAR,0,
2788208606,marker,PUB_STOP_MODE_OPERATOR_TURN_INDICATORS,1,
2788288406,marker,PUB_STOP_MODE_OPERATOR_HAZARD_LIGHTS,1,
2788362681,marker,PATH_STOP_MODE_OPERATOR_ON_TIMER_EXIT,0,
2799621056,heartbeat,,27,2800
2815664306,marker,PATH_MRM_COMFORTABLE_STOP_OPERATOR_ON_TIMER_ENTRY,1,
2815676406,marker,PUB_MRM_COMFORTABLE_STOP_OPERATOR_STATUS,1,
2815912419,marker,PATH_MRM_COMFORTABLE_STOP_OPERATOR_ON_TIMER_EXIT,1,
2815922887,marker,PATH_MRM_HANDLER_ON_TIMER_ENTRY,1,
2815932375,marker,PATH_MRM_HANDLER_ON_TIMER_EXIT,0,
2820687012,marker,PATH_MRM_EMERGENCY_STOP_OPERATOR_ON_TIMER_ENTRY,1,
2820693237,marker,PUB_MRM_EMERGENCY_STOP_OPERATOR_EMERGENCY_CONTROL_CMD,1,
2820785400,marker,PUB_MRM_EMERGENCY_STOP_OPERATOR_STATUS,1,
2821019575,marker,PATH_MRM_EMERGENCY_STOP_OPERATOR_ON_TIMER_EXIT,1,
2821061412,marker,PATH_STOP_MODE_OPERATOR_ON_TIMER_ENTRY,0,
2821082181,marker,PUB_STOP_MODE_OPERATOR_CONTROL,0,
2821178856,marker,PUB_STOP_MODE_OPERATOR_GEAR,0,
2821260137,marker,PUB_STOP_MODE_OPERATOR_TURN_INDICATORS,1,
2821340162,marker,PUB_STOP_MODE_OPERATOR_HAZARD_LIGHTS,1,
2821413837,marker,PATH_STOP_MODE_OPERATOR_ON_TIMER_EXIT,0,
2853664144,marker,PATH_MRM_EMERGENCY_STOP_OPERATOR_ON_TIMER_ENTRY,1,
2853671281,marker,PUB_MRM_EMERGENCY_STOP_OPERATOR_EMERGENCY_CONTROL_CMD,1,
2853762856,marker,PUB_MRM_EMERGENCY_STOP_OPERATOR_STATUS,1,
2854002687,marker,PATH_MRM_EMERGENCY_STOP_OPERATOR_ON_TIMER_EXIT,1,
2854013200,marker,PATH_STOP_MODE_OPERATOR_ON_TIMER_ENTRY,0,
2854034062,marker,PUB_STOP_MODE_OPERATOR_CONTROL,0,
2854131962,marker,PUB_STOP_MODE_OPERATOR_GEAR,0,
2854213694,marker,PUB_STOP_MODE_OPERATOR_TURN_INDICATORS,1,
2854294437,marker,PUB_STOP_MODE_OPERATOR_HAZARD_LIGHTS,1,
2854368800,marker,PATH_STOP_MODE_OPERATOR_ON_TIMER_EXIT,0,
2887467750,marker,PATH_MRM_EMERGENCY_STOP_OPERATOR_ON_TIMER_ENTRY,1,
2887474737,marker,PUB_MRM_EMERGENCY_STOP_OPERATOR_EMERGENCY_CONTROL_CMD,1,
2887564806,marker,PUB_MRM_EMERGENCY_STOP_OPERATOR_STATUS,1,
2887801306,marker,PATH_MRM_EMERGENCY_STOP_OPERATOR_ON_TIMER_EXIT,1,
2887811350,marker,PATH_STOP_MODE_OPERATOR_ON_TIMER_ENTRY,0,
2887831925,marker,PUB_STOP_MODE_OPERATOR_CONTROL,0,
2887929169,marker,PUB_STOP_MODE_OPERATOR_GEAR,0,
2888010981,marker,PUB_STOP_MODE_OPERATOR_TURN_INDICATORS,1,
2888090462,marker,PUB_STOP_MODE_OPERATOR_HAZARD_LIGHTS,1,
2888164319,marker,PATH_STOP_MODE_OPERATOR_ON_TIMER_EXIT,0,
2899621025,heartbeat,,28,2900
2915665000,marker,PATH_MRM_COMFORTABLE_STOP_OPERATOR_ON_TIMER_ENTRY,1,
2915678487,marker,PUB_MRM_COMFORTABLE_STOP_OPERATOR_STATUS,1,
2915914000,marker,PATH_MRM_COMFORTABLE_STOP_OPERATOR_ON_TIMER_EXIT,1,
2915924969,marker,PATH_MRM_HANDLER_ON_TIMER_ENTRY,1,
2915934869,marker,PATH_MRM_HANDLER_ON_TIMER_EXIT,0,
2919686987,marker,PATH_MRM_EMERGENCY_STOP_OPERATOR_ON_TIMER_ENTRY,1,
2919693344,marker,PUB_MRM_EMERGENCY_STOP_OPERATOR_EMERGENCY_CONTROL_CMD,1,
2919785219,marker,PUB_MRM_EMERGENCY_STOP_OPERATOR_STATUS,1,
2920022025,marker,PATH_MRM_EMERGENCY_STOP_OPERATOR_ON_TIMER_EXIT,1,
2920064606,marker,PATH_STOP_MODE_OPERATOR_ON_TIMER_ENTRY,0,
2920084575,marker,PUB_STOP_MODE_OPERATOR_CONTROL,0,
2920182406,marker,PUB_STOP_MODE_OPERATOR_GEAR,0,
2920262612,marker,PUB_STOP_MODE_OPERATOR_TURN_INDICATORS,1,
2920342069,marker,PUB_STOP_MODE_OPERATOR_HAZARD_LIGHTS,1,
2920415850,marker,PATH_STOP_MODE_OPERATOR_ON_TIMER_EXIT,0,
2952664387,marker,PATH_MRM_EMERGENCY_STOP_OPERATOR_ON_TIMER_ENTRY,1,
2952671650,marker,PUB_MRM_EMERGENCY_STOP_OPERATOR_EMERGENCY_CONTROL_CMD,1,
2952764431,marker,PUB_MRM_EMERGENCY_STOP_OPERATOR_STATUS,1,
2953002356,marker,PATH_MRM_EMERGENCY_STOP_OPERATOR_ON_TIMER_EXIT,1,
2953012625,marker,PATH_STOP_MODE_OPERATOR_ON_TIMER_ENTRY,0,
2953033294,marker,PUB_STOP_MODE_OPERATOR_CONTROL,0,
2953130931,marker,PUB_STOP_MODE_OPERATOR_GEAR,0,
2953212244,marker,PUB_STOP_MODE_OPERATOR_TURN_INDICATORS,1,
2953291062,marker,PUB_STOP_MODE_OPERATOR_HAZARD_LIGHTS,1,
2953365619,marker,PATH_STOP_MODE_OPERATOR_ON_TIMER_EXIT,0,
2985664712,marker,PATH_MRM_EMERGENCY_STOP_OPERATOR_ON_TIMER_ENTRY,1,
2985671456,marker,PUB_MRM_EMERGENCY_STOP_OPERATOR_EMERGENCY_CONTROL_CMD,1,
2985762831,marker,PUB_MRM_EMERGENCY_STOP_OPERATOR_STATUS,1,
2985997037,marker,PATH_MRM_EMERGENCY_STOP_OPERATOR_ON_TIMER_EXIT,1,
2986007344,marker,PATH_STOP_MODE_OPERATOR_ON_TIMER_ENTRY,0,
2986028356,marker,PUB_STOP_MODE_OPERATOR_CONTROL,0,
2986124862,marker,PUB_STOP_MODE_OPERATOR_GEAR,0,
2986205294,marker,PUB_STOP_MODE_OPERATOR_TURN_INDICATORS,1,
2986285919,marker,PUB_STOP_MODE_OPERATOR_HAZARD_LIGHTS,1,
2986359812,marker,PATH_STOP_MODE_OPERATOR_ON_TIMER_EXIT,0,
2999620969,heartbeat,,29,3000
3015664075,marker,PATH_MRM_COMFORTABLE_STOP_OPERATOR_ON_TIMER_ENTRY,1,
3015675694,marker,PUB_MRM_COMFORTABLE_STOP_OPERATOR_STATUS,1,
3015917731,marker,PATH_MRM_COMFORTABLE_STOP_OPERATOR_ON_TIMER_EXIT,1,
3015928462,marker,PATH_MRM_HANDLER_ON_TIMER_ENTRY,1,
3015937456,marker,PATH_MRM_HANDLER_ON_TIMER_EXIT,0,
3018685844,marker,PATH_MRM_EMERGENCY_STOP_OPERATOR_ON_TIMER_ENTRY,1,
3018691737,marker,PUB_MRM_EMERGENCY_STOP_OPERATOR_EMERGENCY_CONTROL_CMD,1,
3018782544,marker,PUB_MRM_EMERGENCY_STOP_OPERATOR_STATUS,1,
3019016106,marker,PATH_MRM_EMERGENCY_STOP_OPERATOR_ON_TIMER_EXIT,1,
3019056881,marker,PATH_STOP_MODE_OPERATOR_ON_TIMER_ENTRY,0,
3019076375,marker,PUB_STOP_MODE_OPERATOR_CONTROL,0,
3019172887,marker,PUB_STOP_MODE_OPERATOR_GEAR,0,
3019253819,marker,PUB_STOP_MODE_OPERATOR_TURN_INDICATORS,1,
3019334006,marker,PUB_STOP_MODE_OPERATOR_HAZARD_LIGHTS,1,
3019408419,marker,PATH_STOP_MODE_OPERATOR_ON_TIMER_EXIT,0,
3051666337,marker,PATH_MRM_EMERGENCY_STOP_OPERATOR_ON_TIMER_ENTRY,1,
3051672881,marker,PUB_MRM_EMERGENCY_STOP_OPERATOR_EMERGENCY_CONTROL_CMD,1,
3051763819,marker,PUB_MRM_EMERGENCY_STOP_OPERATOR_STATUS,1,
3052004000,marker,PATH_MRM_EMERGENCY_STOP_OPERATOR_ON_TIMER_EXIT,1,
3052014094,marker,PATH_STOP_MODE_OPERATOR_ON_TIMER_ENTRY,0,
3052033587,marker,PUB_STOP_MODE_OPERATOR_CONTROL,0,
3052130119,marker,PUB_STOP_MODE_OPERATOR_GEAR,0,
3052210150,marker,PUB_STOP_MODE_OPERATOR_TURN_INDICATORS,1,
3052288912,marker,PUB_STOP_MODE_OPERATOR_HAZARD_LIGHTS,1,
3052363469,marker,PATH_STOP_MODE_OPERATOR_ON_TIMER_EXIT,0,
3084664394,marker,PATH_MRM_EMERGENCY_STOP_OPERATOR_ON_TIMER_ENTRY,1,
3084670975,marker,PUB_MRM_EMERGENCY_STOP_OPERATOR_EMERGENCY_CONTROL_CMD,1,
3084763125,marker,PUB_MRM_EMERGENCY_STOP_OPERATOR_STATUS,1,
3084998425,marker,PATH_MRM_EMERGENCY_STOP_OPERATOR_ON_TIMER_EXIT,1,
3085008425,marker,PATH_STOP_MODE_OPERATOR_ON_TIMER_ENTRY,0,
3085028231,marker,PUB_STOP_MODE_OPERATOR_CONTROL,0,
3085124362,marker,PUB_STOP_MODE_OPERATOR_GEAR,0,
3085206037,marker,PUB_STOP_MODE_OPERATOR_TURN_INDICATORS,1,
3085286169,marker,PUB_STOP_MODE_OPERATOR_HAZARD_LIGHTS,1,
3085359281,marker,PATH_STOP_MODE_OPERATOR_ON_TIMER_EXIT,0,
3099621275,heartbeat,,30,3100
3115665244,marker,PATH_MRM_COMFORTABLE_STOP_OPERATOR_ON_TIMER_ENTRY,1,
3115677425,marker,PUB_MRM_COMFORTABLE_STOP_OPERATOR_STATUS,1,
3115918994,marker,PATH_MRM_COMFORTABLE_STOP_OPERATOR_ON_TIMER_EXIT,1,
3115929400,marker,PATH_MRM_HANDLER_ON_TIMER_ENTRY,1,
3115938706,marker,PATH_MRM_HANDLER_ON_TIMER_EXIT,0,
3117687369,marker,PATH_MRM_EMERGENCY_STOP_OPERATOR_ON_TIMER_ENTRY,1,
3117693700,marker,PUB_MRM_EMERGENCY_STOP_OPERATOR_EMERGENCY_CONTROL_CMD,1,
3117784275,marker,PUB_MRM_EMERGENCY_STOP_OPERATOR_STATUS,1,
3118018875,marker,PATH_MRM_EMERGENCY_STOP_OPERATOR_ON_TIMER_EXIT,1,
3118060394,marker,PATH_STOP_MODE_OPERATOR_ON_TIMER_ENTRY,0,
3118080869,marker,PUB_STOP_MODE_OPERATOR_CONTROL,0,
3118177219,marker,PUB_STOP_MODE_OPERATOR_GEAR,0,
3118257875,marker,PUB_STOP_MODE_OPERATOR_TURN_INDICATORS,1,
3118337675,marker,PUB_STOP_MODE_OPERATOR_HAZARD_LIGHTS,1,
3118411287,marker,PATH_STOP_MODE_OPERATOR_ON_TIMER_EXIT,0,
3150666406,marker,PATH_MRM_EMERGENCY_STOP_OPERATOR_ON_TIMER_ENTRY,1,
3150673231,marker,PUB_MRM_EMERGENCY_STOP_OPERATOR_EMERGENCY_CONTROL_CMD,1,
3150764337,marker,PUB_MRM_EMERGENCY_STOP_OPERATOR_STATUS,1,
3151003056,marker,PATH_MRM_EMERGENCY_STOP_OPERATOR_ON_TIMER_EXIT,1,
3151012987,marker,PATH_STOP_MODE_OPERATOR_ON_TIMER_ENTRY,0,
3151033206,marker,PUB_STOP_MODE_OPERATOR_CONTROL,0,
3151129912,marker,PUB_STOP_MODE_OPERATOR_GEAR,0,
3151210687,marker,PUB_STOP_MODE_OPERATOR_TURN_INDICATORS,1,
3151291462,marker,PUB_STOP_MODE_OPERATOR_HAZARD_LIGHTS,1,
3151365481,marker,PATH_STOP_MODE_OPERATOR_ON_TIMER_EXIT,0,
3183676781,marker,PATH_MRM_EMERGENCY_STOP_OPERATOR_ON_TIMER_ENTRY,1,
3183683394,marker,PUB_MRM_EMERGENCY_STOP_OPERATOR_EMERGENCY_CONTROL_CMD,1,
3183775494,marker,PUB_MRM_EMERGENCY_STOP_OPERATOR_STATUS,1,
3184008325,marker,PATH_MRM_EMERGENCY_STOP_OPERATOR_ON_TIMER_EXIT,1,
3184018406,marker,PATH_STOP_MODE_OPERATOR_ON_TIMER_ENTRY,0,
3184038712,marker,PUB_STOP_MODE_OPERATOR_CONTROL,0,
3184135356,marker,PUB_STOP_MODE_OPERATOR_GEAR,0,
3184217044,marker,PUB_STOP_MODE_OPERATOR_TURN_INDICATORS,1,
3184295837,marker,PUB_STOP_MODE_OPERATOR_HAZARD_LIGHTS,1,
3184369731,marker,PATH_STOP_MODE_OPERATOR_ON_TIMER_EXIT,0,
3199621581,heartbeat,,31,3200
3215664700,marker,PATH_MRM_EMERGENCY_STOP_OPERATOR_ON_TIMER_ENTRY,1,
3215671294,marker,PUB_MRM_EMERGENCY_STOP_OPERATOR_EMERGENCY_CONTROL_CMD,1,
3215763125,marker,PUB_MRM_EMERGENCY_STOP_OPERATOR_STATUS,1,
3215999162,marker,PATH_MRM_EMERGENCY_STOP_OPERATOR_ON_TIMER_EXIT,1,
3216008462,marker,PATH_MRM_COMFORTABLE_STOP_OPERATOR_ON_TIMER_ENTRY,1,
3216019281,marker,PUB_MRM_COMFORTABLE_STOP_OPERATOR_STATUS,1,
3216251444,marker,PATH_MRM_COMFORTABLE_STOP_OPERATOR_ON_TIMER_EXIT,1,
3216260862,marker,PATH_STOP_MODE_OPERATOR_ON_TIMER_ENTRY,0,
3216280900,marker,PUB_STOP_MODE_OPERATOR_CONTROL,0,
3216377694,marker,PUB_STOP_MODE_OPERATOR_GEAR,0,
3216457687,marker,PUB_STOP_MODE_OPERATOR_TURN_INDICATORS,1,
3216537850,marker,PUB_STOP_MODE_OPERATOR_HAZARD_LIGHTS,1,
3216612375,marker,PATH_STOP_MODE_OPERATOR_ON_TIMER_EXIT,0,
3216621337,marker,PATH_MRM_HANDLER_ON_TIMER_ENTRY,1,
3216630831,marker,PATH_MRM_HANDLER_ON_TIMER_EXIT,0,
3249664869,marker,PATH_MRM_EMERGENCY_STOP_OPERATOR_ON_TIMER_ENTRY,1,
3249671587,marker,PUB_MRM_EMERGENCY_STOP_OPERATOR_EMERGENCY_CONTROL_CMD,1,
3249763262,marker,PUB_MRM_EMERGENCY_STOP_OPERATOR_STATUS,1,
3249999956,marker,PATH_MRM_EMERGENCY_STOP_OPERATOR_ON_TIMER_EXIT,1,
3250009881,marker,PATH_STOP_MODE_OPERATOR_ON_TIMER_ENTRY,0,
3250030894,marker,PUB_STOP_MODE_OPERATOR_CONTROL,0,
3250128237,marker,PUB_STOP_MODE_OPERATOR_GEAR,0,
3250209506,marker,PUB_STOP_MODE_OPERATOR_TURN_INDICATORS,1,
3250289481,marker,PUB_STOP_MODE_OPERATOR_HAZARD_LIGHTS,1,
3250363687,marker,PATH_STOP_MODE_OPERATOR_ON_TIMER_EXIT,0,
3282664700,marker,PATH_MRM_EMERGENCY_STOP_OPERATOR_ON_TIMER_ENTRY,1,
3282671225,marker,PUB_MRM_EMERGENCY_STOP_OPERATOR_EMERGENCY_CONTROL_CMD,1,
3282763312,marker,PUB_MRM_EMERGENCY_STOP_OPERATOR_STATUS,1,
3283002012,marker,PATH_MRM_EMERGENCY_STOP_OPERATOR_ON_TIMER_EXIT,1,
3283012200,marker,PATH_STOP_MODE_OPERATOR_ON_TIMER_ENTRY,0,
3283032456,marker,PUB_STOP_MODE_OPERATOR_CONTROL,0,
3283129875,marker,PUB_STOP_MODE_OPERATOR_GEAR,0,
3283210900,marker,PUB_STOP_MODE_OPERATOR_TURN_INDICATORS,1,
3283290819,marker,PUB_STOP_MODE_OPERATOR_HAZARD_LIGHTS,1,
3283366225,marker,PATH_STOP_MODE_OPERATOR_ON_TIMER_EXIT,0,
3299621056,heartbeat,,32,3300
3315665181,marker,PATH_MRM_EMERGENCY_STOP_OPERATOR_ON_TIMER_ENTRY,1,
3315671937,marker,PUB_MRM_EMERGENCY_STOP_OPERATOR_EMERGENCY_CONTROL_CMD,1,
3315763125,marker,PUB_MRM_EMERGENCY_STOP_OPERATOR_STATUS,1,
3316000906,marker,PATH_MRM_EMERGENCY_STOP_OPERATOR_ON_TIMER_EXIT,1,
3316010375,marker,PATH_MRM_COMFORTABLE_STOP_OPERATOR_ON_TIMER_ENTRY,1,
3316021644,marker,PUB_MRM_COMFORTABLE_STOP_OPERATOR_STATUS,1,
3316253156,marker,PATH_MRM_COMFORTABLE_STOP_OPERATOR_ON_TIMER_EXIT,1,
3316262212,marker,PATH_STOP_MODE_OPERATOR_ON_TIMER_ENTRY,0,
3316282837,marker,PUB_STOP_MODE_OPERATOR_CONTROL,0,
3316379662,marker,PUB_STOP_MODE_OPERATOR_GEAR,0,
3316461169,marker,PUB_STOP_MODE_OPERATOR_TURN_INDICATORS,1,
3316541294,marker,PUB_STOP_MODE_OPERATOR_HAZARD_LIGHTS,1,
3316614606,marker,PATH_STOP_MODE_OPERATOR_ON_TIMER_EXIT,0,
3316623287,marker,PATH_MRM_HANDLER_ON_TIMER_ENTRY,1,
3316632506,marker,PATH_MRM_HANDLER_ON_TIMER_EXIT,0,
3348664819,marker,PATH_MRM_EMERGENCY_STOP_OPERATOR_ON_TIMER_ENTRY,1,
3348671787,marker,PUB_MRM_EMERGENCY_STOP_OPERATOR_EMERGENCY_CONTROL_CMD,1,
3348763469,marker,PUB_MRM_EMERGENCY_STOP_OPERATOR_STATUS,1,
3348998000,marker,PATH_MRM_EMERGENCY_STOP_OPERATOR_ON_TIMER_EXIT,1,
3349008487,marker,PATH_STOP_MODE_OPERATOR_ON_TIMER_ENTRY,0,
3349029150,marker,PUB_STOP_MODE_OPERATOR_CONTROL,0,
3349127412,marker,PUB_STOP_MODE_OPERATOR_GEAR,0,
3349208181,marker,PUB_STOP_MODE_OPERATOR_TURN_INDICATORS,1,
3349288056,marker,PUB_STOP_MODE_OPERATOR_HAZARD_LIGHTS,1,
3349361456,marker,PATH_STOP_MODE_OPERATOR_ON_TIMER_EXIT,0,
3381665000,marker,PATH_MRM_EMERGENCY_STOP_OPERATOR_ON_TIMER_ENTRY,1,
3381671875,marker,PUB_MRM_EMERGENCY_STOP_OPERATOR_EMERGENCY_CONTROL_CMD,1,
3381763975,marker,PUB_MRM_EMERGENCY_STOP_OPERATOR_STATUS,1,
3382002119,marker,PATH_MRM_EMERGENCY_STOP_OPERATOR_ON_TIMER_EXIT,1,
3382012244,marker,PATH_STOP_MODE_OPERATOR_ON_TIMER_ENTRY,0,
3382032675,marker,PUB_STOP_MODE_OPERATOR_CONTROL,0,
3382129650,marker,PUB_STOP_MODE_OPERATOR_GEAR,0,
3382211506,marker,PUB_STOP_MODE_OPERATOR_TURN_INDICATORS,1,
3382290906,marker,PUB_STOP_MODE_OPERATOR_HAZARD_LIGHTS,1,
3382365219,marker,PATH_STOP_MODE_OPERATOR_ON_TIMER_EXIT,0,
3399620687,heartbeat,,33,3400
3414665856,marker,PATH_MRM_EMERGENCY_STOP_OPERATOR_ON_TIMER_ENTRY,1,
3414672606,marker,PUB_MRM_EMERGENCY_STOP_OPERATOR_EMERGENCY_CONTROL_CMD,1,
3414763756,marker,PUB_MRM_EMERGENCY_STOP_OPERATOR_STATUS,1,
3415001375,marker,PATH_MRM_EMERGENCY_STOP_OPERATOR_ON_TIMER_EXIT,1,
3415010612,marker,PATH_MRM_COMFORTABLE_STOP_OPERATOR_ON_TIMER_ENTRY,1,
3415021456,marker,PUB_MRM_COMFORTABLE_STOP_OPERATOR_STATUS,1,
3415254237,marker,PATH_MRM_COMFORTABLE_STOP_OPERATOR_ON_TIMER_EXIT,1,
3415263431,marker,PATH_STOP_MODE_OPERATOR_ON_TIMER_ENTRY,0,
3415284212,marker,PUB_STOP_MODE_OPERATOR_CONTROL,0,
3415381150,marker,PUB_STOP_MODE_OPERATOR_GEAR,0,
3415461969,marker,PUB_STOP_MODE_OPERATOR_TURN_INDICATORS,1,
3415542744,marker,PUB_STOP_MODE_OPERATOR_HAZARD_LIGHTS,1,
3415616437,marker,PATH_STOP_MODE_OPERATOR_ON_TIMER_EXIT,0,
3415625437,marker,PATH_MRM_HANDLER_ON_TIMER_ENTRY,1,
3415634587,marker,PATH_MRM_HANDLER_ON_TIMER_EXIT,0,
3447664594,marker,PATH_MRM_EMERGENCY_STOP_OPERATOR_ON_TIMER_ENTRY,1,
3447671306,marker,PUB_MRM_EMERGENCY_STOP_OPERATOR_EMERGENCY_CONTROL_CMD,1,
3447763550,marker,PUB_MRM_EMERGENCY_STOP_OPERATOR_STATUS,1,
3447996500,marker,PATH_MRM_EMERGENCY_STOP_OPERATOR_ON_TIMER_EXIT,1,
3448006394,marker,PATH_STOP_MODE_OPERATOR_ON_TIMER_ENTRY,0,
3448026519,marker,PUB_STOP_MODE_OPERATOR_CONTROL,0,
3448123312,marker,PUB_STOP_MODE_OPERATOR_GEAR,0,
3448204019,marker,PUB_STOP_MODE_OPERATOR_TURN_INDICATORS,1,
3448284575,marker,PUB_STOP_MODE_OPERATOR_HAZARD_LIGHTS,1,
3448357619,marker,PATH_STOP_MODE_OPERATOR_ON_TIMER_EXIT,0,
3480664300,marker,PATH_MRM_EMERGENCY_STOP_OPERATOR_ON_TIMER_ENTRY,1,
3480671219,marker,PUB_MRM_EMERGENCY_STOP_OPERATOR_EMERGENCY_CONTROL_CMD,1,
3480762656,marker,PUB_MRM_EMERGENCY_STOP_OPERATOR_STATUS,1,
3481001187,marker,PATH_MRM_EMERGENCY_STOP_OPERATOR_ON_TIMER_EXIT,1,
3481011050,marker,PATH_STOP_MODE_OPERATOR_ON_TIMER_ENTRY,0,
3481031906,marker,PUB_STOP_MODE_OPERATOR_CONTROL,0,
3481129644,marker,PUB_STOP_MODE_OPERATOR_GEAR,0,
3481211275,marker,PUB_STOP_MODE_OPERATOR_TURN_INDICATORS,1,
3481292056,marker,PUB_STOP_MODE_OPERATOR_HAZARD_LIGHTS,1,
3481366094,marker,PATH_STOP_MODE_OPERATOR_ON_TIMER_EXIT,0,
3499621150,heartbeat,,34,3500
3513665650,marker,PATH_MRM_EMERGENCY_STOP_OPERATOR_ON_TIMER_ENTRY,1,
3513672362,marker,PUB_MRM_EMERGENCY_STOP_OPERATOR_EMERGENCY_CONTROL_CMD,1,
3513763394,marker,PUB_MRM_EMERGENCY_STOP_OPERATOR_STATUS,1,
3514003194,marker,PATH_MRM_EMERGENCY_STOP_OPERATOR_ON_TIMER_EXIT,1,
3514013744,marker,PATH_STOP_MODE_OPERATOR_ON_TIMER_ENTRY,0,
3514034544,marker,PUB_STOP_MODE_OPERATOR_CONTROL,0,
3514131706,marker,PUB_STOP_MODE_OPERATOR_GEAR,0,
3514213569,marker,PUB_STOP_MODE_OPERATOR_TURN_INDICATORS,1,
3514294200,marker,PUB_STOP_MODE_OPERATOR_HAZARD_LIGHTS,1,
3514368637,marker,PATH_STOP_MODE_OPERATOR_ON_TIMER_EXIT,0,
3515704044,marker,PATH_MRM_COMFORTABLE_STOP_OPERATOR_ON_TIMER_ENTRY,1,
3515716337,marker,PUB_MRM_COMFORTABLE_STOP_OPERATOR_STATUS,1,
3515953562,marker,PATH_MRM_COMFORTABLE_STOP_OPERATOR_ON_TIMER_EXIT,1,
3516017775,marker,PATH_MRM_HANDLER_ON_TIMER_ENTRY,1,
3516028037,marker,PATH_MRM_HANDLER_ON_TIMER_EXIT,0,
3546664987,marker,PATH_MRM_EMERGENCY_STOP_OPERATOR_ON_TIMER_ENTRY,1,
3546671781,marker,PUB_MRM_EMERGENCY_STOP_OPERATOR_EMERGENCY_CONTROL_CMD,1,
3546763356,marker,PUB_MRM_EMERGENCY_STOP_OPERATOR_STATUS,1,
3546998662,marker,PATH_MRM_EMERGENCY_STOP_OPERATOR_ON_TIMER_EXIT,1,
3547008656,marker,PATH_STOP_MODE_OPERATOR_ON_TIMER_ENTRY,0,
3547028644,marker,PUB_STOP_MODE_OPERATOR_CONTROL,0,
3547126181,marker,PUB_STOP_MODE_OPERATOR_GEAR,0,
3547207606,marker,PUB_STOP_MODE_OPERATOR_TURN_INDICATORS,1,
3547287881,marker,PUB_STOP_MODE_OPERATOR_HAZARD_LIGHTS,1,
3547361656,marker,PATH_STOP_MODE_OPERATOR_ON_TIMER_EXIT,0,
3579664737,marker,PATH_MRM_EMERGENCY_STOP_OPERATOR_ON_TIMER_ENTRY,1,
3579671412,marker,PUB_MRM_EMERGENCY_STOP_OPERATOR_EMERGENCY_CONTROL_CMD,1,
3579762131,marker,PUB_MRM_EMERGENCY_STOP_OPERATOR_STATUS,1,
3579999012,marker,PATH_MRM_EMERGENCY_STOP_OPERATOR_ON_TIMER_EXIT,1,
3580009369,marker,PATH_STOP_MODE_OPERATOR_ON_TIMER_ENTRY,0,
3580029556,marker,PUB_STOP_MODE_OPERATOR_CONTROL,0,
3580127044,marker,PUB_STOP_MODE_OPERATOR_GEAR,0,
3580207875,marker,PUB_STOP_MODE_OPERATOR_TURN_INDICATORS,1,
3580287962,marker,PUB_STOP_MODE_OPERATOR_HAZARD_LIGHTS,1,
3580362000,marker,PATH_STOP_MODE_OPERATOR_ON_TIMER_EXIT,0,
3599621262,heartbeat,,35,3600
3612763619,marker,PATH_MRM_EMERGENCY_STOP_OPERATOR_ON_TIMER_ENTRY,1,
3612783137,marker,PUB_MRM_EMERGENCY_STOP_OPERATOR_EMERGENCY_CONTROL_CMD,1,
3613034612,marker,PUB_MRM_EMERGENCY_STOP_OPERATOR_STATUS,1,
3613695600,marker,PATH_MRM_EMERGENCY_STOP_OPERATOR_ON_TIMER_EXIT,1,
3613725175,marker,PATH_STOP_MODE_OPERATOR_ON_TIMER_ENTRY,0,
3613780962,marker,PUB_STOP_MODE_OPERATOR_CONTROL,0,
3614060631,marker,PUB_STOP_MODE_OPERATOR_GEAR,0,
3614281262,marker,PUB_STOP_MODE_OPERATOR_TURN_INDICATORS,1,
3614515950,marker,PUB_STOP_MODE_OPERATOR_HAZARD_LIGHTS,1,
3614722319,marker,PATH_STOP_MODE_OPERATOR_ON_TIMER_EXIT,0,
3617494250,marker,PATH_MRM_COMFORTABLE_STOP_OPERATOR_ON_TIMER_ENTRY,1,
3617526225,marker,PUB_MRM_COMFORTABLE_STOP_OPERATOR_STATUS,1,
3618210919,marker,PATH_MRM_COMFORTABLE_STOP_OPERATOR_ON_TIMER_EXIT,1,
3618393331,marker,PATH_MRM_HANDLER_ON_TIMER_ENTRY,1,
3618417594,marker,PATH_MRM_HANDLER_ON_TIMER_EXIT,0,
3645769631,marker,PATH_MRM_EMERGENCY_STOP_OPERATOR_ON_TIMER_ENTRY,1,
3645789294,marker,PUB_MRM_EMERGENCY_STOP_OPERATOR_EMERGENCY_CONTROL_CMD,1,
3646050025,marker,PUB_MRM_EMERGENCY_STOP_OPERATOR_STATUS,1,
3646722069,marker,PATH_MRM_EMERGENCY_STOP_OPERATOR_ON_TIMER_EXIT,1,
3646744594,marker,PATH_STOP_MODE_OPERATOR_ON_TIMER_ENTRY,0,
3646807100,marker,PUB_STOP_MODE_OPERATOR_CONTROL,0,
3647080087,marker,PUB_STOP_MODE_OPERATOR_GEAR,0,
3647308006,marker,PUB_STOP_MODE_OPERATOR_TURN_INDICATORS,1,
3647536162,marker,PUB_STOP_MODE_OPERATOR_HAZARD_LIGHTS,1,
3647748969,marker,PATH_STOP_MODE_OPERATOR_ON_TIMER_EXIT,0,
3678668444,marker,PATH_MRM_EMERGENCY_STOP_OPERATOR_ON_TIMER_ENTRY,1,
3678675431,marker,PUB_MRM_EMERGENCY_STOP_OPERATOR_EMERGENCY_CONTROL_CMD,1,
3679130700,marker,PUB_MRM_EMERGENCY_STOP_OPERATOR_STATUS,1,
3679792787,marker,PATH_MRM_EMERGENCY_STOP_OPERATOR_ON_TIMER_EXIT,1,
3679822506,marker,PATH_STOP_MODE_OPERATOR_ON_TIMER_ENTRY,0,
3679878331,marker,PUB_STOP_MODE_OPERATOR_CONTROL,0,
3680157844,marker,PUB_STOP_MODE_OPERATOR_GEAR,0,
3680377012,marker,PUB_STOP_MODE_OPERATOR_TURN_INDICATORS,1,
3680602050,marker,PUB_STOP_MODE_OPERATOR_HAZARD_LIGHTS,1,
3680807694,marker,PATH_STOP_MODE_OPERATOR_ON_TIMER_EXIT,0,
3699620956,heartbeat,,36,3700
3710349869,marker,PATH_MRM_EMERGENCY_STOP_OPERATOR_ON_TIMER_ENTRY,1,
3710355906,marker,PUB_MRM_EMERGENCY_STOP_OPERATOR_EMERGENCY_CONTROL_CMD,1,
3710573106,marker,PUB_MRM_EMERGENCY_STOP_OPERATOR_STATUS,1,
3710806281,marker,PATH_MRM_EMERGENCY_STOP_OPERATOR_ON_TIMER_EXIT,1,
3710848900,marker,PATH_STOP_MODE_OPERATOR_ON_TIMER_ENTRY,0,
3710869856,marker,PUB_STOP_MODE_OPERATOR_CONTROL,0,
3710966856,marker,PUB_STOP_MODE_OPERATOR_GEAR,0,
3711047931,marker,PUB_STOP_MODE_OPERATOR_TURN_INDICATORS,1,
3711128031,marker,PUB_STOP_MODE_OPERATOR_HAZARD_LIGHTS,1,
3711201806,marker,PATH_STOP_MODE_OPERATOR_ON_TIMER_EXIT,0,
3715705987,marker,PATH_MRM_COMFORTABLE_STOP_OPERATOR_ON_TIMER_ENTRY,1,
3715717994,marker,PUB_MRM_COMFORTABLE_STOP_OPERATOR_STATUS,1,
3715955469,marker,PATH_MRM_COMFORTABLE_STOP_OPERATOR_ON_TIMER_EXIT,1,
3716020900,marker,PATH_MRM_HANDLER_ON_TIMER_ENTRY,1,
3716030719,marker,PATH_MRM_HANDLER_ON_TIMER_EXIT,0,
3728978812,marker,TAKE_MRM_HANDLER_OPERATION_MODE_AVAILABILITY,1,
3743754706,marker,PATH_MRM_EMERGENCY_STOP_OPERATOR_ON_TIMER_ENTRY,1,
3743774544,marker,PUB_MRM_EMERGENCY_STOP_OPERATOR_EMERGENCY_CONTROL_CMD,1,
3744404875,marker,PUB_MRM_EMERGENCY_STOP_OPERATOR_STATUS,1,
3745067237,marker,PATH_MRM_EMERGENCY_STOP_OPERATOR_ON_TIMER_EXIT,1,
3745096794,marker,PATH_STOP_MODE_OPERATOR_ON_TIMER_ENTRY,0,
3745152112,marker,PUB_STOP_MODE_OPERATOR_CONTROL,0,
3745435850,marker,PUB_STOP_MODE_OPERATOR_GEAR,0,
3745663487,marker,PUB_STOP_MODE_OPERATOR_TURN_INDICATORS,1,
3745889456,marker,PUB_STOP_MODE_OPERATOR_HAZARD_LIGHTS,1,
3746095312,marker,PATH_STOP_MODE_OPERATOR_ON_TIMER_EXIT,0,
3776955994,marker,PATH_MRM_EMERGENCY_STOP_OPERATOR_ON_TIMER_ENTRY,1,
3776975619,marker,PUB_MRM_EMERGENCY_STOP_OPERATOR_EMERGENCY_CONTROL_CMD,1,
3777605250,marker,PUB_MRM_EMERGENCY_STOP_OPERATOR_STATUS,1,
3778276550,marker,PATH_MRM_EMERGENCY_STOP_OPERATOR_ON_TIMER_EXIT,1,
3778300019,marker,PATH_STOP_MODE_OPERATOR_ON_TIMER_ENTRY,0,
3778362250,marker,PUB_STOP_MODE_OPERATOR_CONTROL,0,
3778635950,marker,PUB_STOP_MODE_OPERATOR_GEAR,0,
3778873012,marker,PUB_STOP_MODE_OPERATOR_TURN_INDICATORS,1,
3779099044,marker,PUB_STOP_MODE_OPERATOR_HAZARD_LIGHTS,1,
3779305687,marker,PATH_STOP_MODE_OPERATOR_ON_TIMER_EXIT,0,
3799621056,heartbeat,,37,3800
3810197356,marker,PATH_MRM_EMERGENCY_STOP_OPERATOR_ON_TIMER_ENTRY,1,
3810203294,marker,PUB_MRM_EMERGENCY_STOP_OPERATOR_EMERGENCY_CONTROL_CMD,1,
3810421081,marker,PUB_MRM_EMERGENCY_STOP_OPERATOR_STATUS,1,
3810655437,marker,PATH_MRM_EMERGENCY_STOP_OPERATOR_ON_TIMER_EXIT,1,
3810697162,marker,PATH_STOP_MODE_OPERATOR_ON_TIMER_ENTRY,0,
3810717500,marker,PUB_STOP_MODE_OPERATOR_CONTROL,0,
3810815506,marker,PUB_STOP_MODE_OPERATOR_GEAR,0,
3810896656,marker,PUB_STOP_MODE_OPERATOR_TURN_INDICATORS,1,
3810976769,marker,PUB_STOP_MODE_OPERATOR_HAZARD_LIGHTS,1,
3811050687,marker,PATH_STOP_MODE_OPERATOR_ON_TIMER_EXIT,0,
3815869300,marker,PATH_MRM_COMFORTABLE_STOP_OPERATOR_ON_TIMER_ENTRY,1,
3815902081,marker,PUB_MRM_COMFORTABLE_STOP_OPERATOR_STATUS,1,
3816582931,marker,PATH_MRM_COMFORTABLE_STOP_OPERATOR_ON_TIMER_EXIT,1,
3816766262,marker,PATH_MRM_HANDLER_ON_TIMER_ENTRY,1,
3816842669,marker,PUB_MRM_HANDLER_MRM_STATE,65537,
3817437031,marker,PUB_MRM_HANDLER_TURN_INDICATORS_CMD,0,
3818012875,marker,PUB_MRM_HANDLER_HAZARD_LIGHTS_CMD,0,
3818596025,marker,PUB_MRM_HANDLER_GEAR_CMD_OUT,2,
3819162287,marker,PUB_MRM_HANDLER_EMERGENCY_HOLDING,0,
3819369350,marker,PATH_MRM_HANDLER_ON_TIMER_EXIT,1,
3823021662,marker,TAKE_MRM_HANDLER_OPERATION_MODE_AVAILABILITY,1,
3842664962,marker,PATH_MRM_EMERGENCY_STOP_OPERATOR_ON_TIMER_ENTRY,1,
3842671750,marker,PUB_MRM_EMERGENCY_STOP_OPERATOR_EMERGENCY_CONTROL_CMD,1,
3842890900,marker,PUB_MRM_EMERGENCY_STOP_OPERATOR_STATUS,1,
3843124787,marker,PATH_MRM_EMERGENCY_STOP_OPERATOR_ON_TIMER_EXIT,1,
3843135356,marker,PATH_STOP_MODE_OPERATOR_ON_TIMER_ENTRY,0,
3843155875,marker,PUB_STOP_MODE_OPERATOR_CONTROL,0,
3843252269,marker,PUB_STOP_MODE_OPERATOR_GEAR,0,
3843333350,marker,PUB_STOP_MODE_OPERATOR_TURN_INDICATORS,1,
3843412650,marker,PUB_STOP_MODE_OPERATOR_HAZARD_LIGHTS,1,
3843486244,marker,PATH_STOP_MODE_OPERATOR_ON_TIMER_EXIT,0,
3875599462,marker,PATH_MRM_EMERGENCY_STOP_OPERATOR_ON_TIMER_ENTRY,1,
3875612431,marker,PUB_MRM_EMERGENCY_STOP_OPERATOR_EMERGENCY_CONTROL_CMD,1,
3876229519,marker,PUB_MRM_EMERGENCY_STOP_OPERATOR_STATUS,1,
3876900387,marker,PATH_MRM_EMERGENCY_STOP_OPERATOR_ON_TIMER_EXIT,1,
3877075081,marker,PATH_STOP_MODE_OPERATOR_ON_TIMER_ENTRY,0,
3877137256,marker,PUB_STOP_MODE_OPERATOR_CONTROL,0,
3877418912,marker,PUB_STOP_MODE_OPERATOR_GEAR,0,
3877645831,marker,PUB_STOP_MODE_OPERATOR_TURN_INDICATORS,1,
3877876237,marker,PUB_STOP_MODE_OPERATOR_HAZARD_LIGHTS,1,
3878081100,marker,PATH_STOP_MODE_OPERATOR_ON_TIMER_EXIT,0,
3899620850,heartbeat,,38,3900
3909713062,marker,PATH_MRM_EMERGENCY_STOP_OPERATOR_ON_TIMER_ENTRY,1,
3909719612,marker,PUB_MRM_EMERGENCY_STOP_OPERATOR_EMERGENCY_CONTROL_CMD,1,
3909940094,marker,PUB_MRM_EMERGENCY_STOP_OPERATOR_STATUS,1,
3910174931,marker,PATH_MRM_EMERGENCY_STOP_OPERATOR_ON_TIMER_EXIT,1,
3910185025,marker,PATH_STOP_MODE_OPERATOR_ON_TIMER_ENTRY,0,
3910205619,marker,PUB_STOP_MODE_OPERATOR_CONTROL,0,
3910303375,marker,PUB_STOP_MODE_OPERATOR_GEAR,0,
3910384531,marker,PUB_STOP_MODE_OPERATOR_TURN_INDICATORS,1,
3910465056,marker,PUB_STOP_MODE_OPERATOR_HAZARD_LIGHTS,1,
3910539431,marker,PATH_STOP_MODE_OPERATOR_ON_TIMER_EXIT,0,
3914667937,marker,PATH_MRM_COMFORTABLE_STOP_OPERATOR_ON_TIMER_ENTRY,1,
3914680687,marker,PUB_MRM_COMFORTABLE_STOP_OPERATOR_STATUS,1,
3914920062,marker,PATH_MRM_COMFORTABLE_STOP_OPERATOR_ON_TIMER_EXIT,1,
3914930962,marker,PATH_MRM_HANDLER_ON_TIMER_ENTRY,1,
3914958756,marker,PUB_MRM_HANDLER_MRM_STATE,65537,
3915163700,marker,PUB_MRM_HANDLER_TURN_INDICATORS_CMD,0,
3915366144,marker,PUB_MRM_HANDLER_HAZARD_LIGHTS_CMD,0,
3915565856,marker,PUB_MRM_HANDLER_GEAR_CMD_OUT,2,
3915767912,marker,PUB_MRM_HANDLER_EMERGENCY_HOLDING,0,
3915842069,marker,PATH_MRM_HANDLER_ON_TIMER_EXIT,1,
3925554869,marker,TAKE_MRM_HANDLER_OPERATION_MODE_AVAILABILITY,1,
3946385512,marker,PATH_MRM_EMERGENCY_STOP_OPERATOR_ON_TIMER_ENTRY,1,
3946405531,marker,PUB_MRM_EMERGENCY_STOP_OPERATOR_EMERGENCY_CONTROL_CMD,1,
3947044494,marker,PUB_MRM_EMERGENCY_STOP_OPERATOR_STATUS,1,
3947706669,marker,PATH_MRM_EMERGENCY_STOP_OPERATOR_ON_TIMER_EXIT,1,
3947736262,marker,PATH_STOP_MODE_OPERATOR_ON_TIMER_ENTRY,0,
3947793069,marker,PUB_STOP_MODE_OPERATOR_CONTROL,0,
3948072106,marker,PUB_STOP_MODE_OPERATOR_GEAR,0,
3948280125,marker,PUB_STOP_MODE_OPERATOR_TURN_INDICATORS,1,
3948360912,marker,PUB_STOP_MODE_OPERATOR_HAZARD_LIGHTS,1,
3948434756,marker,PATH_STOP_MODE_OPERATOR_ON_TIMER_EXIT,0,
3974779281,marker,PATH_MRM_EMERGENCY_STOP_OPERATOR_ON_TIMER_ENTRY,1,
3974792456,marker,PUB_MRM_EMERGENCY_STOP_OPERATOR_EMERGENCY_CONTROL_CMD,1,
3975420800,marker,PUB_MRM_EMERGENCY_STOP_OPERATOR_STATUS,1,
3976090862,marker,PATH_MRM_EMERGENCY_STOP_OPERATOR_ON_TIMER_EXIT,1,
3976113781,marker,PATH_STOP_MODE_OPERATOR_ON_TIMER_ENTRY,0,
3976176256,marker,PUB_STOP_MODE_OPERATOR_CONTROL,0,
3976415469,marker,PUB_STOP_MODE_OPERATOR_GEAR,0,
3976497269,marker,PUB_STOP_MODE_OPERATOR_TURN_INDICATORS,1,
3976579075,marker,PUB_STOP_MODE_OPERATOR_HAZARD_LIGHTS,1,
3976653562,marker,PATH_STOP_MODE_OPERATOR_ON_TIMER_EXIT,0,
3999621094,heartbeat,,39,4000
4008754344,marker,PATH_MRM_EMERGENCY_STOP_OPERATOR_ON_TIMER_ENTRY,1,
4008767337,marker,PUB_MRM_EMERGENCY_STOP_OPERATOR_EMERGENCY_CONTROL_CMD,1,
4009396025,marker,PUB_MRM_EMERGENCY_STOP_OPERATOR_STATUS,1,
4010066362,marker,PATH_MRM_EMERGENCY_STOP_OPERATOR_ON_TIMER_EXIT,1,
4010089562,marker,PATH_STOP_MODE_OPERATOR_ON_TIMER_ENTRY,0,
4010109406,marker,PUB_STOP_MODE_OPERATOR_CONTROL,0,
4010205787,marker,PUB_STOP_MODE_OPERATOR_GEAR,0,
4010285550,marker,PUB_STOP_MODE_OPERATOR_TURN_INDICATORS,1,
4010365000,marker,PUB_STOP_MODE_OPERATOR_HAZARD_LIGHTS,1,
4010438825,marker,PATH_STOP_MODE_OPERATOR_ON_TIMER_EXIT,0,
4015667262,marker,PATH_MRM_COMFORTABLE_STOP_OPERATOR_ON_TIMER_ENTRY,1,
4015679987,marker,PUB_MRM_COMFORTABLE_STOP_OPERATOR_STATUS,1,
4015917862,marker,PATH_MRM_COMFORTABLE_STOP_OPERATOR_ON_TIMER_EXIT,1,
4015928519,marker,PATH_MRM_HANDLER_ON_TIMER_ENTRY,1,
4015955669,marker,PUB_MRM_HANDLER_MRM_STATE,65537,
4016161244,marker,PUB_MRM_HANDLER_TURN_INDICATORS_CMD,0,
4016362281,marker,PUB_MRM_HANDLER_HAZARD_LIGHTS_CMD,0,
4016562600,marker,PUB_MRM_HANDLER_GEAR_CMD_OUT,2,
4016764425,marker,PUB_MRM_HANDLER_EMERGENCY_HOLDING,0,
4016838950,marker,PATH_MRM_HANDLER_ON_TIMER_EXIT,1,
4025544750,marker,TAKE_MRM_HANDLER_OPERATION_MODE_AVAILABILITY,1,
4041764037,marker,PATH_MRM_EMERGENCY_STOP_OPERATOR_ON_TIMER_ENTRY,1,
4041783081,marker,PUB_MRM_EMERGENCY_STOP_OPERATOR_EMERGENCY_CONTROL_CMD,1,
4042402850,marker,PUB_MRM_EMERGENCY_STOP_OPERATOR_STATUS,1,
4043072275,marker,PATH_MRM_EMERGENCY_STOP_OPERATOR_ON_TIMER_EXIT,1,
4043095056,marker,PATH_STOP_MODE_OPERATOR_ON_TIMER_ENTRY,0,
4043148950,marker,PUB_STOP_MODE_OPERATOR_CONTROL,0,
4043428562,marker,PUB_STOP_MODE_OPERATOR_GEAR,0,
4043648744,marker,PUB_STOP_MODE_OPERATOR_TURN_INDICATORS,1,
4043875469,marker,PUB_STOP_MODE_OPERATOR_HAZARD_LIGHTS,1,
4044088750,marker,PATH_STOP_MODE_OPERATOR_ON_TIMER_EXIT,0,
4074666950,marker,PATH_MRM_EMERGENCY_STOP_OPERATOR_ON_TIMER_ENTRY,1,
4074673706,marker,PUB_MRM_EMERGENCY_STOP_OPERATOR_EMERGENCY_CONTROL_CMD,1,
4075284912,marker,PUB_MRM_EMERGENCY_STOP_OPERATOR_STATUS,1,
4075955987,marker,PATH_MRM_EMERGENCY_STOP_OPERATOR_ON_TIMER_EXIT,1,
4075979294,marker,PATH_STOP_MODE_OPERATOR_ON_TIMER_ENTRY,0,
4076033381,marker,PUB_STOP_MODE_OPERATOR_CONTROL,0,
4076313031,marker,PUB_STOP_MODE_OPERATOR_GEAR,0,
4076542175,marker,PUB_STOP_MODE_OPERATOR_TURN_INDICATORS,1,
4076769512,marker,PUB_STOP_MODE_OPERATOR_HAZARD_LIGHTS,1,
4076983775,marker,PATH_STOP_MODE_OPERATOR_ON_TIMER_EXIT,0,
4099621050,heartbeat,,40,4100
4107665094,marker,PATH_MRM_EMERGENCY_STOP_OPERATOR_ON_TIMER_ENTRY,1,
4107671525,marker,PUB_MRM_EMERGENCY_STOP_OPERATOR_EMERGENCY_CONTROL_CMD,1,
4107888312,marker,PUB_MRM_EMERGENCY_STOP_OPERATOR_STATUS,1,
4108281906,marker,PATH_MRM_EMERGENCY_STOP_OPERATOR_ON_TIMER_EXIT,1,
4108312337,marker,PATH_STOP_MODE_OPERATOR_ON_TIMER_ENTRY,0,
4108366687,marker,PUB_STOP_MODE_OPERATOR_CONTROL,0,
4108647581,marker,PUB_STOP_MODE_OPERATOR_GEAR,0,
4108876462,marker,PUB_STOP_MODE_OPERATOR_TURN_INDICATORS,1,
4109105019,marker,PUB_STOP_MODE_OPERATOR_HAZARD_LIGHTS,1,
4109318887,marker,PATH_STOP_MODE_OPERATOR_ON_TIMER_EXIT,0,
4116098537,marker,PATH_MRM_COMFORTABLE_STOP_OPERATOR_ON_TIMER_ENTRY,1,
4116110600,marker,PUB_MRM_COMFORTABLE_STOP_OPERATOR_STATUS,1,
4116352075,marker,PATH_MRM_COMFORTABLE_STOP_OPERATOR_ON_TIMER_EXIT,1,
4116414781,marker,PATH_MRM_HANDLER_ON_TIMER_ENTRY,1,
4116442319,marker,PUB_MRM_HANDLER_MRM_STATE,65537,
4116648700,marker,PUB_MRM_HANDLER_TURN_INDICATORS_CMD,0,
4116853381,marker,PUB_MRM_HANDLER_HAZARD_LIGHTS_CMD,0,
4117055369,marker,PUB_MRM_HANDLER_GEAR_CMD_OUT,2,
4117258212,marker,PUB_MRM_HANDLER_EMERGENCY_HOLDING,0,
4117332337,marker,PATH_MRM_HANDLER_ON_TIMER_EXIT,1,
4125986644,marker,TAKE_MRM_HANDLER_OPERATION_MODE_AVAILABILITY,1,
4140769206,marker,PATH_MRM_EMERGENCY_STOP_OPERATOR_ON_TIMER_ENTRY,1,
4140782412,marker,PUB_MRM_EMERGENCY_STOP_OPERATOR_EMERGENCY_CONTROL_CMD,1,
4141408700,marker,PUB_MRM_EMERGENCY_STOP_OPERATOR_STATUS,1,
4142070687,marker,PATH_MRM_EMERGENCY_STOP_OPERATOR_ON_TIMER_EXIT,1,
4142100831,marker,PATH_STOP_MODE_OPERATOR_ON_TIMER_ENTRY,0,
4142156012,marker,PUB_STOP_MODE_OPERATOR_CONTROL,0,
4142437650,marker,PUB_STOP_MODE_OPERATOR_GEAR,0,
4142666650,marker,PUB_STOP_MODE_OPERATOR_TURN_INDICATORS,1,
4142894237,marker,PUB_STOP_MODE_OPERATOR_HAZARD_LIGHTS,1,
4143099006,marker,PATH_STOP_MODE_OPERATOR_ON_TIMER_EXIT,0,
4171837537,marker,PATH_MRM_EMERGENCY_STOP_OPERATOR_ON_TIMER_ENTRY,1,
4171843500,marker,PUB_MRM_EMERGENCY_STOP_OPERATOR_EMERGENCY_CONTROL_CMD,1,
4172062975,marker,PUB_MRM_EMERGENCY_STOP_OPERATOR_STATUS,1,
4172297819,marker,PATH_MRM_EMERGENCY_STOP_OPERATOR_ON_TIMER_EXIT,1,
4172374537,marker,PATH_STOP_MODE_OPERATOR_ON_TIMER_ENTRY,0,
4172394450,marker,PUB_STOP_MODE_OPERATOR_CONTROL,0,
4172492806,marker,PUB_STOP_MODE_OPERATOR_GEAR,0,
4172574794,marker,PUB_STOP_MODE_OPERATOR_TURN_INDICATORS,1,
4172654906,marker,PUB_STOP_MODE_OPERATOR_HAZARD_LIGHTS,1,
4172729237,marker,PATH_STOP_MODE_OPERATOR_ON_TIMER_EXIT,0,
4199621031,heartbeat,,41,4200
4206664356,marker,PATH_MRM_EMERGENCY_STOP_OPERATOR_ON_TIMER_ENTRY,1,
4206670994,marker,PUB_MRM_EMERGENCY_STOP_OPERATOR_EMERGENCY_CONTROL_CMD,1,
4206889050,marker,PUB_MRM_EMERGENCY_STOP_OPERATOR_STATUS,1,
4207123825,marker,PATH_MRM_EMERGENCY_STOP_OPERATOR_ON_TIMER_EXIT,1,
4207133956,marker,PATH_STOP_MODE_OPERATOR_ON_TIMER_ENTRY,0,
4207153737,marker,PUB_STOP_MODE_OPERATOR_CONTROL,0,
4207250706,marker,PUB_STOP_MODE_OPERATOR_GEAR,0,
4207330981,marker,PUB_STOP_MODE_OPERATOR_TURN_INDICATORS,1,
4207410762,marker,PUB_STOP_MODE_OPERATOR_HAZARD_LIGHTS,1,
4207485056,marker,PATH_STOP_MODE_OPERATOR_ON_TIMER_EXIT,0,
4214667562,marker,PATH_MRM_COMFORTABLE_STOP_OPERATOR_ON_TIMER_ENTRY,1,
4214707212,marker,PUB_MRM_COMFORTABLE_STOP_OPERATOR_STATUS,1,
4215380281,marker,PATH_MRM_COMFORTABLE_STOP_OPERATOR_ON_TIMER_EXIT,1,
4215410787,marker,PATH_MRM_HANDLER_ON_TIMER_ENTRY,1,
4215485994,marker,PUB_MRM_HANDLER_MRM_STATE,65537,
4216072850,marker,PUB_MRM_HANDLER_TURN_INDICATORS_CMD,0,
4216656794,marker,PUB_MRM_HANDLER_HAZARD_LIGHTS_CMD,0,
4217239219,marker,PUB_MRM_HANDLER_GEAR_CMD_OUT,2,
4217814594,marker,PUB_MRM_HANDLER_EMERGENCY_HOLDING,0,
4218029825,marker,PATH_MRM_HANDLER_ON_TIMER_EXIT,1,
4230032119,marker,TAKE_MRM_HANDLER_OPERATION_MODE_AVAILABILITY,1,
4238667512,marker,PATH_MRM_EMERGENCY_STOP_OPERATOR_ON_TIMER_ENTRY,1,
4238674356,marker,PUB_MRM_EMERGENCY_STOP_OPERATOR_EMERGENCY_CONTROL_CMD,1,
4238895162,marker,PUB_MRM_EMERGENCY_STOP_OPERATOR_STATUS,1,
4239131087,marker,PATH_MRM_EMERGENCY_STOP_OPERATOR_ON_TIMER_EXIT,1,
4239141256,marker,PATH_STOP_MODE_OPERATOR_ON_TIMER_ENTRY,0,
4239195112,marker,PUB_STOP_MODE_OPERATOR_CONTROL,0,
4239477025,marker,PUB_STOP_MODE_OPERATOR_GEAR,0,
4239705181,marker,PUB_STOP_MODE_OPERATOR_TURN_INDICATORS,1,
4239931269,marker,PUB_STOP_MODE_OPERATOR_HAZARD_LIGHTS,1,
4240140087,marker,PATH_STOP_MODE_OPERATOR_ON_TIMER_EXIT,0,
4271668331,marker,PATH_MRM_EMERGENCY_STOP_OPERATOR_ON_TIMER_ENTRY,1,
4271675062,marker,PUB_MRM_EMERGENCY_STOP_OPERATOR_EMERGENCY_CONTROL_CMD,1,
4271891312,marker,PUB_MRM_EMERGENCY_STOP_OPERATOR_STATUS,1,
4272124850,marker,PATH_MRM_EMERGENCY_STOP_OPERATOR_ON_TIMER_EXIT,1,
4272134975,marker,PATH_STOP_MODE_OPERATOR_ON_TIMER_ENTRY,0,
4272155212,marker,PUB_STOP_MODE_OPERATOR_CONTROL,0,
4272252725,marker,PUB_STOP_MODE_OPERATOR_GEAR,0,
4272333269,marker,PUB_STOP_MODE_OPERATOR_TURN_INDICATORS,1,
4272414225,marker,PUB_STOP_MODE_OPERATOR_HAZARD_LIGHTS,1,
4272488244,marker,PATH_STOP_MODE_OPERATOR_ON_TIMER_EXIT,0,
4299621062,heartbeat,,42,4300
4305664669,marker,PATH_MRM_EMERGENCY_STOP_OPERATOR_ON_TIMER_ENTRY,1,
4305670575,marker,PUB_MRM_EMERGENCY_STOP_OPERATOR_EMERGENCY_CONTROL_CMD,1,
4305891956,marker,PUB_MRM_EMERGENCY_STOP_OPERATOR_STATUS,1,
4306127919,marker,PATH_MRM_EMERGENCY_STOP_OPERATOR_ON_TIMER_EXIT,1,
4306138012,marker,PATH_STOP_MODE_OPERATOR_ON_TIMER_ENTRY,0,
4306158925,marker,PUB_STOP_MODE_OPERATOR_CONTROL,0,
4306256025,marker,PUB_STOP_MODE_OPERATOR_GEAR,0,
4306337406,marker,PUB_STOP_MODE_OPERATOR_TURN_INDICATORS,1,
4306417794,marker,PUB_STOP_MODE_OPERATOR_HAZARD_LIGHTS,1,
4306491975,marker,PATH_STOP_MODE_OPERATOR_ON_TIMER_EXIT,0,
4314783894,marker,PATH_MRM_COMFORTABLE_STOP_OPERATOR_ON_TIMER_ENTRY,1,
4314817106,marker,PUB_MRM_COMFORTABLE_STOP_OPERATOR_STATUS,1,
4315497819,marker,PATH_MRM_COMFORTABLE_STOP_OPERATOR_ON_TIMER_EXIT,1,
4315522019,marker,PATH_MRM_HANDLER_ON_TIMER_ENTRY,1,
4315597675,marker,PUB_MRM_HANDLER_MRM_STATE,65537,
4316182744,marker,PUB_MRM_HANDLER_TURN_INDICATORS_CMD,0,
4316757281,marker,PUB_MRM_HANDLER_HAZARD_LIGHTS_CMD,0,
4317340562,marker,PUB_MRM_HANDLER_GEAR_CMD_OUT,2,
4317915712,marker,PUB_MRM_HANDLER_EMERGENCY_HOLDING,0,
4318130300,marker,PATH_MRM_HANDLER_ON_TIMER_EXIT,1,
4322771287,marker,TAKE_MRM_HANDLER_OPERATION_MODE_AVAILABILITY,1,
4338914631,marker,PATH_MRM_EMERGENCY_STOP_OPERATOR_ON_TIMER_ENTRY,1,
4338921531,marker,PUB_MRM_EMERGENCY_STOP_OPERATOR_EMERGENCY_CONTROL_CMD,1,
4339140031,marker,PUB_MRM_EMERGENCY_STOP_OPERATOR_STATUS,1,
4339374062,marker,PATH_MRM_EMERGENCY_STOP_OPERATOR_ON_TIMER_EXIT,1,
4339384119,marker,PATH_STOP_MODE_OPERATOR_ON_TIMER_ENTRY,0,
4339403975,marker,PUB_STOP_MODE_OPERATOR_CONTROL,0,
4339501075,marker,PUB_STOP_MODE_OPERATOR_GEAR,0,
4339581862,marker,PUB_STOP_MODE_OPERATOR_TURN_INDICATORS,1,
4339663250,marker,PUB_STOP_MODE_OPERATOR_HAZARD_LIGHTS,1,
4339737506,marker,PATH_STOP_MODE_OPERATOR_ON_TIMER_EXIT,0,
4370668050,marker,PATH_MRM_EMERGENCY_STOP_OPERATOR_ON_TIMER_ENTRY,1,
4370675106,marker,PUB_MRM_EMERGENCY_STOP_OPERATOR_EMERGENCY_CONTROL_CMD,1,
4370892481,marker,PUB_MRM_EMERGENCY_STOP_OPERATOR_STATUS,1,
4371127875,marker,PATH_MRM_EMERGENCY_STOP_OPERATOR_ON_TIMER_EXIT,1,
4371138175,marker,PATH_STOP_MODE_OPERATOR_ON_TIMER_ENTRY,0,
4371158006,marker,PUB_STOP_MODE_OPERATOR_CONTROL,0,
4371255500,marker,PUB_STOP_MODE_OPERATOR_GEAR,0,
4371336875,marker,PUB_STOP_MODE_OPERATOR_TURN_INDICATORS,1,
4371417912,marker,PUB_STOP_MODE_OPERATOR_HAZARD_LIGHTS,1,
4371492694,marker,PATH_STOP_MODE_OPERATOR_ON_TIMER_EXIT,0,
4399620825,heartbeat,,43,4400
4404664462,marker,PATH_MRM_EMERGENCY_STOP_OPERATOR_ON_TIMER_ENTRY,1,
4404670706,marker,PUB_MRM_EMERGENCY_STOP_OPERATOR_EMERGENCY_CONTROL_CMD,1,
4404890119,marker,PUB_MRM_EMERGENCY_STOP_OPERATOR_STATUS,1,
4405124356,marker,PATH_MRM_EMERGENCY_STOP_OPERATOR_ON_TIMER_EXIT,1,
4405134575,marker,PATH_STOP_MODE_OPERATOR_ON_TIMER_ENTRY,0,
4405155275,marker,PUB_STOP_MODE_OPERATOR_CONTROL,0,
4405252725,marker,PUB_STOP_MODE_OPERATOR_GEAR,0,
4405334950,marker,PUB_STOP_MODE_OPERATOR_TURN_INDICATORS,1,
4405416212,marker,PUB_STOP_MODE_OPERATOR_HAZARD_LIGHTS,1,
4405489862,marker,PATH_STOP_MODE_OPERATOR_ON_TIMER_EXIT,0,
4414783200,marker,PATH_MRM_COMFORTABLE_STOP_OPERATOR_ON_TIMER_ENTRY,1,
4414822850,marker,PUB_MRM_COMFORTABLE_STOP_OPERATOR_STATUS,1,
4415495019,marker,PATH_MRM_COMFORTABLE_STOP_OPERATOR_ON_TIMER_EXIT,1,
4415518237,marker,PATH_MRM_HANDLER_ON_TIMER_ENTRY,1,
4415594787,marker,PUB_MRM_HANDLER_MRM_STATE,65537,
4416180994,marker,PUB_MRM_HANDLER_TURN_INDICATORS_CMD,0,
4416761281,marker,PUB_MRM_HANDLER_HAZARD_LIGHTS_CMD,0,
4417335831,marker,PUB_MRM_HANDLER_GEAR_CMD_OUT,2,
4417913437,marker,PUB_MRM_HANDLER_EMERGENCY_HOLDING,0,
4418127000,marker,PATH_MRM_HANDLER_ON_TIMER_EXIT,1,
4437664212,marker,PATH_MRM_EMERGENCY_STOP_OPERATOR_ON_TIMER_ENTRY,1,
4437670750,marker,PUB_MRM_EMERGENCY_STOP_OPERATOR_EMERGENCY_CONTROL_CMD,1,
4437888112,marker,PUB_MRM_EMERGENCY_STOP_OPERATOR_STATUS,1,
4438123419,marker,PATH_MRM_EMERGENCY_STOP_OPERATOR_ON_TIMER_EXIT,1,
4438133331,marker,PATH_STOP_MODE_OPERATOR_ON_TIMER_ENTRY,0,
4438154062,marker,PUB_STOP_MODE_OPERATOR_CONTROL,0,
4438250144,marker,PUB_STOP_MODE_OPERATOR_GEAR,0,
4438331187,marker,PUB_STOP_MODE_OPERATOR_TURN_INDICATORS,1,
4438411919,marker,PUB_STOP_MODE_OPERATOR_HAZARD_LIGHTS,1,
4438485425,marker,PATH_STOP_MODE_OPERATOR_ON_TIMER_EXIT,0,
4469667262,marker,PATH_MRM_EMERGENCY_STOP_OPERATOR_ON_TIMER_ENTRY,1,
4469674075,marker,PUB_MRM_EMERGENCY_STOP_OPERATOR_EMERGENCY_CONTROL_CMD,1,
4469893862,marker,PUB_MRM_EMERGENCY_STOP_OPERATOR_STATUS,1,
4470128712,marker,PATH_MRM_EMERGENCY_STOP_OPERATOR_ON_TIMER_EXIT,1,
4470139300,marker,PATH_STOP_MODE_OPERATOR_ON_TIMER_ENTRY,0,
4470159475,marker,PUB_STOP_MODE_OPERATOR_CONTROL,0,
4470257750,marker,PUB_STOP_MODE_OPERATOR_GEAR,0,
4470340262,marker,PUB_STOP_MODE_OPERATOR_TURN_INDICATORS,1,
4470419962,marker,PUB_STOP_MODE_OPERATOR_HAZARD_LIGHTS,1,
4470493600,marker,PATH_STOP_MODE_OPERATOR_ON_TIMER_EXIT,0,
4499620881,heartbeat,,44,4500
4504807844,marker,PATH_MRM_EMERGENCY_STOP_OPERATOR_ON_TIMER_ENTRY,1,
4504814637,marker,PUB_MRM_EMERGENCY_STOP_OPERATOR_EMERGENCY_CONTROL_CMD,1,
4505035775,marker,PUB_MRM_EMERGENCY_STOP_OPERATOR_STATUS,1,
4505269181,marker,PATH_MRM_EMERGENCY_STOP_OPERATOR_ON_TIMER_EXIT,1,
4505279500,marker,PATH_STOP_MODE_OPERATOR_ON_TIMER_ENTRY,0,
4505299656,marker,PUB_STOP_MODE_OPERATOR_CONTROL,0,
4505396894,marker,PUB_STOP_MODE_OPERATOR_GEAR,0,
4505478125,marker,PUB_STOP_MODE_OPERATOR_TURN_INDICATORS,1,
4505558244,marker,PUB_STOP_MODE_OPERATOR_HAZARD_LIGHTS,1,
4505632131,marker,PATH_STOP_MODE_OPERATOR_ON_TIMER_EXIT,0,
4514773300,marker,PATH_MRM_COMFORTABLE_STOP_OPERATOR_ON_TIMER_ENTRY,1,
4514813644,marker,PUB_MRM_COMFORTABLE_STOP_OPERATOR_STATUS,1,
4515496756,marker,PATH_MRM_COMFORTABLE_STOP_OPERATOR_ON_TIMER_EXIT,1,
4515520312,marker,PATH_MRM_HANDLER_ON_TIMER_ENTRY,1,
4515596287,marker,PUB_MRM_HANDLER_MRM_STATE,65537,
4516189931,marker,PUB_MRM_HANDLER_TURN_INDICATORS_CMD,0,
4516765556,marker,PUB_MRM_HANDLER_HAZARD_LIGHTS_CMD,0,
4517338869,marker,PUB_MRM_HANDLER_GEAR_CMD_OUT,2,
4517930212,marker,PUB_MRM_HANDLER_EMERGENCY_HOLDING,0,
4518137762,marker,PATH_MRM_HANDLER_ON_TIMER_EXIT,1,
4536664775,marker,PATH_MRM_EMERGENCY_STOP_OPERATOR_ON_TIMER_ENTRY,1,
4536671687,marker,PUB_MRM_EMERGENCY_STOP_OPERATOR_EMERGENCY_CONTROL_CMD,1,
4536889119,marker,PUB_MRM_EMERGENCY_STOP_OPERATOR_STATUS,1,
4537124369,marker,PATH_MRM_EMERGENCY_STOP_OPERATOR_ON_TIMER_EXIT,1,
4537134500,marker,PATH_STOP_MODE_OPERATOR_ON_TIMER_ENTRY,0,
4537154462,marker,PUB_STOP_MODE_OPERATOR_CONTROL,0,
4537252869,marker,PUB_STOP_MODE_OPERATOR_GEAR,0,
4537334512,marker,PUB_STOP_MODE_OPERATOR_TURN_INDICATORS,1,
4537414956,marker,PUB_STOP_MODE_OPERATOR_HAZARD_LIGHTS,1,
4537488412,marker,PATH_STOP_MODE_OPERATOR_ON_TIMER_EXIT,0,
4567950562,marker,PATH_MRM_EMERGENCY_STOP_OPERATOR_ON_TIMER_ENTRY,1,
4567956681,marker,PUB_MRM_EMERGENCY_STOP_OPERATOR_EMERGENCY_CONTROL_CMD,1,
4568177525,marker,PUB_MRM_EMERGENCY_STOP_OPERATOR_STATUS,1,
4568412687,marker,PATH_MRM_EMERGENCY_STOP_OPERATOR_ON_TIMER_EXIT,1,
4568455612,marker,PATH_STOP_MODE_OPERATOR_ON_TIMER_ENTRY,0,
4568476562,marker,PUB_STOP_MODE_OPERATOR_CONTROL,0,
4568573156,marker,PUB_STOP_MODE_OPERATOR_GEAR,0,
4568654006,marker,PUB_STOP_MODE_OPERATOR_TURN_INDICATORS,1,
4568735350,marker,PUB_STOP_MODE_OPERATOR_HAZARD_LIGHTS,1,
4568809800,marker,PATH_STOP_MODE_OPERATOR_ON_TIMER_EXIT,0,
4599620944,heartbeat,,45,4600
4602664819,marker,PATH_MRM_EMERGENCY_STOP_OPERATOR_ON_TIMER_ENTRY,1,
4602671069,marker,PUB_MRM_EMERGENCY_STOP_OPERATOR_EMERGENCY_CONTROL_CMD,1,
4602888206,marker,PUB_MRM_EMERGENCY_STOP_OPERATOR_STATUS,1,
4603122150,marker,PATH_MRM_EMERGENCY_STOP_OPERATOR_ON_TIMER_EXIT,1,
4603132431,marker,PATH_STOP_MODE_OPERATOR_ON_TIMER_ENTRY,0,
4603153006,marker,PUB_STOP_MODE_OPERATOR_CONTROL,0,
4603251275,marker,PUB_STOP_MODE_OPERATOR_GEAR,0,
4603333156,marker,PUB_STOP_MODE_OPERATOR_TURN_INDICATORS,1,
4603413306,marker,PUB_STOP_MODE_OPERATOR_HAZARD_LIGHTS,1,
4603487719,marker,PATH_STOP_MODE_OPERATOR_ON_TIMER_EXIT,0,
4617911956,marker,PATH_MRM_COMFORTABLE_STOP_OPERATOR_ON_TIMER_ENTRY,1,
4617944812,marker,PUB_MRM_COMFORTABLE_STOP_OPERATOR_STATUS,1,
4618459075,marker,PATH_MRM_COMFORTABLE_STOP_OPERATOR_ON_TIMER_EXIT,1,
4618469862,marker,PATH_MRM_HANDLER_ON_TIMER_ENTRY,1,
4618497531,marker,PUB_MRM_HANDLER_MRM_STATE,65537,
4618702269,marker,PUB_MRM_HANDLER_TURN_INDICATORS_CMD,0,
4618905800,marker,PUB_MRM_HANDLER_HAZARD_LIGHTS_CMD,0,
4619108881,marker,PUB_MRM_HANDLER_GEAR_CMD_OUT,2,
4619312744,marker,PUB_MRM_HANDLER_EMERGENCY_HOLDING,0,
4619387387,marker,PATH_MRM_HANDLER_ON_TIMER_EXIT,1,
4635665044,marker,PATH_MRM_EMERGENCY_STOP_OPERATOR_ON_TIMER_ENTRY,1,
4635671894,marker,PUB_MRM_EMERGENCY_STOP_OPERATOR_EMERGENCY_CONTROL_CMD,1,
4635889794,marker,PUB_MRM_EMERGENCY_STOP_OPERATOR_STATUS,1,
4636122856,marker,PATH_MRM_EMERGENCY_STOP_OPERATOR_ON_TIMER_EXIT,1,
4636132931,marker,PATH_STOP_MODE_OPERATOR_ON_TIMER_ENTRY,0,
4636153725,marker,PUB_STOP_MODE_OPERATOR_CONTROL,0,
4636251612,marker,PUB_STOP_MODE_OPERATOR_GEAR,0,
4636332719,marker,PUB_STOP_MODE_OPERATOR_TURN_INDICATORS,1,
4636413456,marker,PUB_STOP_MODE_OPERATOR_HAZARD_LIGHTS,1,
4636488387,marker,PATH_STOP_MODE_OPERATOR_ON_TIMER_EXIT,0,
4667016894,marker,PATH_MRM_EMERGENCY_STOP_OPERATOR_ON_TIMER_ENTRY,1,
4667023412,marker,PUB_MRM_EMERGENCY_STOP_OPERATOR_EMERGENCY_CONTROL_CMD,1,
4667241006,marker,PUB_MRM_EMERGENCY_STOP_OPERATOR_STATUS,1,
4667474875,marker,PATH_MRM_EMERGENCY_STOP_OPERATOR_ON_TIMER_EXIT,1,
4667539344,marker,PATH_STOP_MODE_OPERATOR_ON_TIMER_ENTRY,0,
4667560562,marker,PUB_STOP_MODE_OPERATOR_CONTROL,0,
4667659169,marker,PUB_STOP_MODE_OPERATOR_GEAR,0,
4667740656,marker,PUB_STOP_MODE_OPERATOR_TURN_INDICATORS,1,
4667821506,marker,PUB_STOP_MODE_OPERATOR_HAZARD_LIGHTS,1,
4667894612,marker,PATH_STOP_MODE_OPERATOR_ON_TIMER_EXIT,0,
4699620981,heartbeat,,46,4700
4701664875,marker,PATH_MRM_EMERGENCY_STOP_OPERATOR_ON_TIMER_ENTRY,1,
4701671325,marker,PUB_MRM_EMERGENCY_STOP_OPERATOR_EMERGENCY_CONTROL_CMD,1,
4701891450,marker,PUB_MRM_EMERGENCY_STOP_OPERATOR_STATUS,1,
4702126556,marker,PATH_MRM_EMERGENCY_STOP_OPERATOR_ON_TIMER_EXIT,1,
4702136419,marker,PATH_STOP_MODE_OPERATOR_ON_TIMER_ENTRY,0,
4702157325,marker,PUB_STOP_MODE_OPERATOR_CONTROL,0,
4702255175,marker,PUB_STOP_MODE_OPERATOR_GEAR,0,
4702336006,marker,PUB_STOP_MODE_OPERATOR_TURN_INDICATORS,1,
4702417075,marker,PUB_STOP_MODE_OPERATOR_HAZARD_LIGHTS,1,
4702491081,marker,PATH_STOP_MODE_OPERATOR_ON_TIMER_EXIT,0,
4714672937,marker,PATH_MRM_COMFORTABLE_STOP_OPERATOR_ON_TIMER_ENTRY,1,
4714685781,marker,PUB_MRM_COMFORTABLE_STOP_OPERATOR_STATUS,1,
4714971756,marker,PATH_MRM_COMFORTABLE_STOP_OPERATOR_ON_TIMER_EXIT,1,
4714982800,marker,PATH_MRM_HANDLER_ON_TIMER_ENTRY,1,
4715010131,marker,PUB_MRM_HANDLER_MRM_STATE,65537,
4715217506,marker,PUB_MRM_HANDLER_TURN_INDICATORS_CMD,0,
4715420144,marker,PUB_MRM_HANDLER_HAZARD_LIGHTS_CMD,0,
4715623462,marker,PUB_MRM_HANDLER_GEAR_CMD_OUT,2,
4715825875,marker,PUB_MRM_HANDLER_EMERGENCY_HOLDING,0,
4715899812,marker,PATH_MRM_HANDLER_ON_TIMER_EXIT,1,
4733664369,marker,PATH_MRM_EMERGENCY_STOP_OPERATOR_ON_TIMER_ENTRY,1,
4733671256,marker,PUB_MRM_EMERGENCY_STOP_OPERATOR_EMERGENCY_CONTROL_CMD,1,
4733892062,marker,PUB_MRM_EMERGENCY_STOP_OPERATOR_STATUS,1,
4734129100,marker,PATH_MRM_EMERGENCY_STOP_OPERATOR_ON_TIMER_EXIT,1,
4734138912,marker,PATH_STOP_MODE_OPERATOR_ON_TIMER_ENTRY,0,
4734159312,marker,PUB_STOP_MODE_OPERATOR_CONTROL,0,
4734256725,marker,PUB_STOP_MODE_OPERATOR_GEAR,0,
4734339006,marker,PUB_STOP_MODE_OPERATOR_TURN_INDICATORS,1,
4734419262,marker,PUB_STOP_MODE_OPERATOR_HAZARD_LIGHTS,1,
4734493000,marker,PATH_STOP_MODE_OPERATOR_ON_TIMER_EXIT,0,
4766034125,marker,PATH_MRM_EMERGENCY_STOP_OPERATOR_ON_TIMER_ENTRY,1,
4766040331,marker,PUB_MRM_EMERGENCY_STOP_OPERATOR_EMERGENCY_CONTROL_CMD,1,
4766257875,marker,PUB_MRM_EMERGENCY_STOP_OPERATOR_STATUS,1,
4766492969,marker,PATH_MRM_EMERGENCY_STOP_OPERATOR_ON_TIMER_EXIT,1,
4766559044,marker,PATH_STOP_MODE_OPERATOR_ON_TIMER_ENTRY,0,
4766579981,marker,PUB_STOP_MODE_OPERATOR_CONTROL,0,
4766678612,marker,PUB_STOP_MODE_OPERATOR_GEAR,0,
4766760787,marker,PUB_STOP_MODE_OPERATOR_TURN_INDICATORS,1,
4766841519,marker,PUB_STOP_MODE_OPERATOR_HAZARD_LIGHTS,1,
4766916050,marker,PATH_STOP_MODE_OPERATOR_ON_TIMER_EXIT,0,
4799621100,heartbeat,,47,4800
4800664562,marker,PATH_MRM_EMERGENCY_STOP_OPERATOR_ON_TIMER_ENTRY,1,
4800671187,marker,PUB_MRM_EMERGENCY_STOP_OPERATOR_EMERGENCY_CONTROL_CMD,1,
4800892762,marker,PUB_MRM_EMERGENCY_STOP_OPERATOR_STATUS,1,
4801126925,marker,PATH_MRM_EMERGENCY_STOP_OPERATOR_ON_TIMER_EXIT,1,
4801137269,marker,PATH_STOP_MODE_OPERATOR_ON_TIMER_ENTRY,0,
4801158300,marker,PUB_STOP_MODE_OPERATOR_CONTROL,0,
4801255912,marker,PUB_STOP_MODE_OPERATOR_GEAR,0,
4801336719,marker,PUB_STOP_MODE_OPERATOR_TURN_INDICATORS,1,
4801417037,marker,PUB_STOP_MODE_OPERATOR_HAZARD_LIGHTS,1,
4801490969,marker,PATH_STOP_MODE_OPERATOR_ON_TIMER_EXIT,0,
4814689831,marker,PATH_MRM_COMFORTABLE_STOP_OPERATOR_ON_TIMER_ENTRY,1,
4814702206,marker,PUB_MRM_COMFORTABLE_STOP_OPERATOR_STATUS,1,
4814940550,marker,PATH_MRM_COMFORTABLE_STOP_OPERATOR_ON_TIMER_EXIT,1,
4814984031,marker,PATH_MRM_HANDLER_ON_TIMER_ENTRY,1,
4815012019,marker,PUB_MRM_HANDLER_MRM_STATE,65537,
4815217725,marker,PUB_MRM_HANDLER_TURN_INDICATORS_CMD,0,
4815420981,marker,PUB_MRM_HANDLER_HAZARD_LIGHTS_CMD,0,
4815624019,marker,PUB_MRM_HANDLER_GEAR_CMD_OUT,2,
4815828025,marker,PUB_MRM_HANDLER_EMERGENCY_HOLDING,0,
4815902925,marker,PATH_MRM_HANDLER_ON_TIMER_EXIT,1,
4833664800,marker,PATH_MRM_EMERGENCY_STOP_OPERATOR_ON_TIMER_ENTRY,1,
4833671537,marker,PUB_MRM_EMERGENCY_STOP_OPERATOR_EMERGENCY_CONTROL_CMD,1,
4833888369,marker,PUB_MRM_EMERGENCY_STOP_OPERATOR_STATUS,1,
4834123262,marker,PATH_MRM_EMERGENCY_STOP_OPERATOR_ON_TIMER_EXIT,1,
4834133931,marker,PATH_STOP_MODE_OPERATOR_ON_TIMER_ENTRY,0,
4834154656,marker,PUB_STOP_MODE_OPERATOR_CONTROL,0,
4834252256,marker,PUB_STOP_MODE_OPERATOR_GEAR,0,
4834332912,marker,PUB_STOP_MODE_OPERATOR_TURN_INDICATORS,1,
4834413781,marker,PUB_STOP_MODE_OPERATOR_HAZARD_LIGHTS,1,
4834487644,marker,PATH_STOP_MODE_OPERATOR_ON_TIMER_EXIT,0,
4865153081,marker,PATH_MRM_EMERGENCY_STOP_OPERATOR_ON_TIMER_ENTRY,1,
4865159725,marker,PUB_MRM_EMERGENCY_STOP_OPERATOR_EMERGENCY_CONTROL_CMD,1,
4865380581,marker,PUB_MRM_EMERGENCY_STOP_OPERATOR_STATUS,1,
4865616675,marker,PATH_MRM_EMERGENCY_STOP_OPERATOR_ON_TIMER_EXIT,1,
4865660506,marker,PATH_STOP_MODE_OPERATOR_ON_TIMER_ENTRY,0,
4865680800,marker,PUB_STOP_MODE_OPERATOR_CONTROL,0,
4865778469,marker,PUB_STOP_MODE_OPERATOR_GEAR,0,
4865860362,marker,PUB_STOP_MODE_OPERATOR_TURN_INDICATORS,1,
4865940744,marker,PUB_STOP_MODE_OPERATOR_HAZARD_LIGHTS,1,
4866016050,marker,PATH_STOP_MODE_OPERATOR_ON_TIMER_EXIT,0,
4899620887,heartbeat,,48,4900
4899683512,marker,PATH_MRM_EMERGENCY_STOP_OPERATOR_ON_TIMER_ENTRY,1,
4899689769,marker,PUB_MRM_EMERGENCY_STOP_OPERATOR_EMERGENCY_CONTROL_CMD,1,
4899911006,marker,PUB_MRM_EMERGENCY_STOP_OPERATOR_STATUS,1,
4900145494,marker,PATH_MRM_EMERGENCY_STOP_OPERATOR_ON_TIMER_EXIT,1,
4900155681,marker,PATH_STOP_MODE_OPERATOR_ON_TIMER_ENTRY,0,
4900176375,marker,PUB_STOP_MODE_OPERATOR_CONTROL,0,
4900274937,marker,PUB_STOP_MODE_OPERATOR_GEAR,0,
4900355994,marker,PUB_STOP_MODE_OPERATOR_TURN_INDICATORS,1,
4900437156,marker,PUB_STOP_MODE_OPERATOR_HAZARD_LIGHTS,1,
4900511100,marker,PATH_STOP_MODE_OPERATOR_ON_TIMER_EXIT,0,
4914791625,marker,PATH_MRM_COMFORTABLE_STOP_OPERATOR_ON_TIMER_ENTRY,1,
4914825369,marker,PUB_MRM_COMFORTABLE_STOP_OPERATOR_STATUS,1,
4915517394,marker,PATH_MRM_COMFORTABLE_STOP_OPERATOR_ON_TIMER_EXIT,1,
4915541044,marker,PATH_MRM_HANDLER_ON_TIMER_ENTRY,1,
4915596069,marker,PATH_MRM_HANDLER_CALL_MRM_ENTRY,1,
4920508525,marker,CALL_MRM_HANDLER_EMERGENCY_STOP_OPERATE,1,
4930021862,marker,PUB_MRM_HANDLER_MRM_STATE,131074,
4930225800,marker,PATH_MRM_HANDLER_CALL_MRM_EXIT,2,
4930238725,marker,PUB_MRM_HANDLER_TURN_INDICATORS_CMD,1,
4930442037,marker,PUB_MRM_HANDLER_HAZARD_LIGHTS_CMD,2,
4930645487,marker,PUB_MRM_HANDLER_GEAR_CMD_OUT,2,
4930847525,marker,PUB_MRM_HANDLER_EMERGENCY_HOLDING,0,
4930921762,marker,PATH_MRM_HANDLER_ON_TIMER_EXIT,1,
4932332312,marker,SERVE_MRM_EMERGENCY_STOP_OPERATOR_OPERATE_ENTRY,1,
4932338400,marker,SERVE_MRM_EMERGENCY_STOP_OPERATOR_OPERATE_EXIT,2,
4932577531,marker,PATH_MRM_EMERGENCY_STOP_OPERATOR_ON_TIMER_ENTRY,2,
4932611275,marker,PUB_MRM_EMERGENCY_STOP_OPERATOR_EMERGENCY_CONTROL_CMD,2,
4932830306,marker,PUB_MRM_EMERGENCY_STOP_OPERATOR_STATUS,2,
4933063969,marker,PATH_MRM_EMERGENCY_STOP_OPERATOR_ON_TIMER_EXIT,2,
4933143325,marker,PATH_STOP_MODE_OPERATOR_ON_TIMER_ENTRY,0,
4933162725,marker,PUB_STOP_MODE_OPERATOR_CONTROL,0,
4933261162,marker,PUB_STOP_MODE_OPERATOR_GEAR,0,
4933342819,marker,PUB_STOP_MODE_OPERATOR_TURN_INDICATORS,1,
4933424225,marker,PUB_STOP_MODE_OPERATOR_HAZARD_LIGHTS,1,
4933498056,marker,PATH_STOP_MODE_OPERATOR_ON_TIMER_EXIT,0,
4963939237,marker,PATH_MRM_EMERGENCY_STOP_OPERATOR_ON_TIMER_ENTRY,2,
4963973550,marker,PUB_MRM_EMERGENCY_STOP_OPERATOR_EMERGENCY_CONTROL_CMD,2,
4964198312,marker,PUB_MRM_EMERGENCY_STOP_OPERATOR_STATUS,2,
4964430875,marker,PATH_MRM_EMERGENCY_STOP_OPERATOR_ON_TIMER_EXIT,2,
4964474681,marker,PATH_STOP_MODE_OPERATOR_ON_TIMER_ENTRY,0,
4964495356,marker,PUB_STOP_MODE_OPERATOR_CONTROL,0,
4964594106,marker,PUB_STOP_MODE_OPERATOR_GEAR,0,
4964676000,marker,PUB_STOP_MODE_OPERATOR_TURN_INDICATORS,1,
4964756531,marker,PUB_STOP_MODE_OPERATOR_HAZARD_LIGHTS,1,
4964830512,marker,PATH_STOP_MODE_OPERATOR_ON_TIMER_EXIT,0,
4998667731,marker,PATH_MRM_EMERGENCY_STOP_OPERATOR_ON_TIMER_ENTRY,2,
4998702687,marker,PUB_MRM_EMERGENCY_STOP_OPERATOR_EMERGENCY_CONTROL_CMD,2,
4998921762,marker,PUB_MRM_EMERGENCY_STOP_OPERATOR_STATUS,2,
4999154512,marker,PATH_MRM_EMERGENCY_STOP_OPERATOR_ON_TIMER_EXIT,2,
4999164981,marker,PATH_STOP_MODE_OPERATOR_ON_TIMER_ENTRY,0,
4999185519,marker,PUB_STOP_MODE_OPERATOR_CONTROL,0,
4999283231,marker,PUB_STOP_MODE_OPERATOR_GEAR,0,
4999365306,marker,PUB_STOP_MODE_OPERATOR_TURN_INDICATORS,1,
4999445694,marker,PUB_STOP_MODE_OPERATOR_HAZARD_LIGHTS,1,
4999520244,marker,PATH_STOP_MODE_OPERATOR_ON_TIMER_EXIT,0,
4999627306,heartbeat,,49,5000
5014780556,marker,PATH_MRM_COMFORTABLE_STOP_OPERATOR_ON_TIMER_ENTRY,1,
5014812994,marker,PUB_MRM_COMFORTABLE_STOP_OPERATOR_STATUS,1,
5015497300,marker,PATH_MRM_COMFORTABLE_STOP_OPERATOR_ON_TIMER_EXIT,1,
5015527662,marker,PATH_MRM_HANDLER_ON_TIMER_ENTRY,2,
5015614300,marker,PATH_MRM_HANDLER_CALL_MRM_ENTRY,2,
5015646694,marker,PUB_MRM_HANDLER_MRM_STATE,131074,
5016222144,marker,PATH_MRM_HANDLER_CALL_MRM_EXIT,2,
5016262381,marker,PUB_MRM_HANDLER_TURN_INDICATORS_CMD,1,
5016839419,marker,PUB_MRM_HANDLER_HAZARD_LIGHTS_CMD,2,
5017423375,marker,PUB_MRM_HANDLER_GEAR_CMD_OUT,2,
5018006744,marker,PUB_MRM_HANDLER_EMERGENCY_HOLDING,0,
5018212812,marker,PATH_MRM_HANDLER_ON_TIMER_EXIT,1,
5030667000,marker,PATH_MRM_EMERGENCY_STOP_OPERATOR_ON_TIMER_ENTRY,2,
5030702312,marker,PUB_MRM_EMERGENCY_STOP_OPERATOR_EMERGENCY_CONTROL_CMD,2,
5030920181,marker,PUB_MRM_EMERGENCY_STOP_OPERATOR_STATUS,2,
5031153756,marker,PATH_MRM_EMERGENCY_STOP_OPERATOR_ON_TIMER_EXIT,2,
5031163531,marker,PATH_STOP_MODE_OPERATOR_ON_TIMER_ENTRY,0,
5031183900,marker,PUB_STOP_MODE_OPERATOR_CONTROL,0,
5031279969,marker,PUB_STOP_MODE_OPERATOR_GEAR,0,
5031361519,marker,PUB_STOP_MODE_OPERATOR_TURN_INDICATORS,1,
5031441975,marker,PUB_STOP_MODE_OPERATOR_HAZARD_LIGHTS,1,
5031516275,marker,PATH_STOP_MODE_OPERATOR_ON_TIMER_EXIT,0,
5064263456,marker,PATH_MRM_EMERGENCY_STOP_OPERATOR_ON_TIMER_ENTRY,2,
5064298862,marker,PUB_MRM_EMERGENCY_STOP_OPERATOR_EMERGENCY_CONTROL_CMD,2,
5064520225,marker,PUB_MRM_EMERGENCY_STOP_OPERATOR_STATUS,2,
5064754956,marker,PATH_MRM_EMERGENCY_STOP_OPERATOR_ON_TIMER_EXIT,2,
5064764869,marker,PATH_STOP_MODE_OPERATOR_ON_TIMER_ENTRY,0,
5064784994,marker,PUB_STOP_MODE_OPERATOR_CONTROL,0,
5064882687,marker,PUB_STOP_MODE_OPERATOR_GEAR,0,
5064964350,marker,PUB_STOP_MODE_OPERATOR_TURN_INDICATORS,1,
5065044356,marker,PUB_STOP_MODE_OPERATOR_HAZARD_LIGHTS,1,
5065118087,marker,PATH_STOP_MODE_OPERATOR_ON_TIMER_EXIT,0,
5096667450,marker,PATH_MRM_EMERGENCY_STOP_OPERATOR_ON_TIMER_ENTRY,2,
5096702587,marker,PUB_MRM_EMERGENCY_STOP_OPERATOR_EMERGENCY_CONTROL_CMD,2,
5096921781,marker,PUB_MRM_EMERGENCY_STOP_OPERATOR_STATUS,2,
5097156512,marker,PATH_MRM_EMERGENCY_STOP_OPERATOR_ON_TIMER_EXIT,2,
5097166544,marker,PATH_STOP_MODE_OPERATOR_ON_TIMER_ENTRY,0,
5097186131,marker,PUB_STOP_MODE_OPERATOR_CONTROL,0,
5097282287,marker,PUB_STOP_MODE_OPERATOR_GEAR,0,
5097362812,marker,PUB_STOP_MODE_OPERATOR_TURN_INDICATORS,1,
5097443019,marker,PUB_STOP_MODE_OPERATOR_HAZARD_LIGHTS,1,
5097515744,marker,PATH_STOP_MODE_OPERATOR_ON_TIMER_EXIT,0,
5099620862,heartbeat,,50,5100
5118912806,marker,PATH_MRM_COMFORTABLE_STOP_OPERATOR_ON_TIMER_ENTRY,1,
5118945987,marker,PUB_MRM_COMFORTABLE_STOP_OPERATOR_STATUS,1,
5119640425,marker,PATH_MRM_COMFORTABLE_STOP_OPERATOR_ON_TIMER_EXIT,1,
5119670787,marker,PATH_MRM_HANDLER_ON_TIMER_ENTRY,2,
5119727000,marker,PATH_MRM_HANDLER_CALL_MRM_ENTRY,2,
5119759869,marker,PUB_MRM_HANDLER_MRM_STATE,131074,
5120334144,marker,PATH_MRM_HANDLER_CALL_MRM_EXIT,2,
5120373906,marker,PUB_MRM_HANDLER_TURN_INDICATORS_CMD,1,
5120950869,marker,PUB_MRM_HANDLER_HAZARD_LIGHTS_CMD,2,
5121534662,marker,PUB_MRM_HANDLER_GEAR_CMD_OUT,2,
5122108912,marker,PUB_MRM_HANDLER_EMERGENCY_HOLDING,0,
5122254569,marker,PATH_MRM_HANDLER_ON_TIMER_EXIT,1,
5129666937,marker,PATH_MRM_EMERGENCY_STOP_OPERATOR_ON_TIMER_ENTRY,2,
5129702037,marker,PUB_MRM_EMERGENCY_STOP_OPERATOR_EMERGENCY_CONTROL_CMD,2,
5129919531,marker,PUB_MRM_EMERGENCY_STOP_OPERATOR_STATUS,2,
5130153844,marker,PATH_MRM_EMERGENCY_STOP_OPERATOR_ON_TIMER_EXIT,2,
5130164081,marker,PATH_STOP_MODE_OPERATOR_ON_TIMER_ENTRY,0,
5130183956,marker,PUB_STOP_MODE_OPERATOR_CONTROL,0,
5130281094,marker,PUB_STOP_MODE_OPERATOR_GEAR,0,
5130362406,marker,PUB_STOP_MODE_OPERATOR_TURN_INDICATORS,1,
5130443287,marker,PUB_STOP_MODE_OPERATOR_HAZARD_LIGHTS,1,
5130516031,marker,PATH_STOP_MODE_OPERATOR_ON_TIMER_EXIT,0,
5163769031,marker,PATH_MRM_EMERGENCY_STOP_OPERATOR_ON_TIMER_ENTRY,2,
5163866337,marker,PUB_MRM_EMERGENCY_STOP_OPERATOR_EMERGENCY_CONTROL_CMD,2,
5164495081,marker,PUB_MRM_EMERGENCY_STOP_OPERATOR_STATUS,2,
5165151562,marker,PATH_MRM_EMERGENCY_STOP_OPERATOR_ON_TIMER_EXIT,2,
5165161800,marker,PATH_STOP_MODE_OPERATOR_ON_TIMER_ENTRY,0,
5165182119,marker,PUB_STOP_MODE_OPERATOR_CONTROL,0,
5165280556,marker,PUB_STOP_MODE_OPERATOR_GEAR,0,
5165362056,marker,PUB_STOP_MODE_OPERATOR_TURN_INDICATORS,1,
5165442256,marker,PUB_STOP_MODE_OPERATOR_HAZARD_LIGHTS,1,
5165516825,marker,PATH_STOP_MODE_OPERATOR_ON_TIMER_EXIT,0,
5195667550,marker,PATH_MRM_EMERGENCY_STOP_OPERATOR_ON_TIMER_ENTRY,2,
5195702144,marker,PUB_MRM_EMERGENCY_STOP_OPERATOR_EMERGENCY_CONTROL_CMD,2,
5195923781,marker,PUB_MRM_EMERGENCY_STOP_OPERATOR_STATUS,2,
5196156600,marker,PATH_MRM_EMERGENCY_STOP_OPERATOR_ON_TIMER_EXIT,2,
5196166725,marker,PATH_STOP_MODE_OPERATOR_ON_TIMER_ENTRY,0,
5196187350,marker,PUB_STOP_MODE_OPERATOR_CONTROL,0,
5196284400,marker,PUB_STOP_MODE_OPERATOR_GEAR,0,
5196365144,marker,PUB_STOP_MODE_OPERATOR_TURN_INDICATORS,1,
5196445250,marker,PUB_STOP_MODE_OPERATOR_HAZARD_LIGHTS,1,
5196519150,marker,PATH_STOP_MODE_OPERATOR_ON_TIMER_EXIT,0,
5199621125,heartbeat,,51,5200
5213886425,marker,PATH_MRM_COMFORTABLE_STOP_OPERATOR_ON_TIMER_ENTRY,1,
5213898850,marker,PUB_MRM_COMFORTABLE_STOP_OPERATOR_STATUS,1,
5214136581,marker,PATH_MRM_COMFORTABLE_STOP_OPERATOR_ON_TIMER_EXIT,1,
5214214856,marker,PATH_MRM_HANDLER_ON_TIMER_ENTRY,2,
5214234531,marker,PATH_MRM_HANDLER_CALL_MRM_ENTRY,2,
5214247425,marker,PUB_MRM_HANDLER_MRM_STATE,131074,
5214446962,marker,PATH_MRM_HANDLER_CALL_MRM_EXIT,2,
5214459825,marker,PUB_MRM_HANDLER_TURN_INDICATORS_CMD,1,
5214662400,marker,PUB_MRM_HANDLER_HAZARD_LIGHTS_CMD,2,
5214864981,marker,PUB_MRM_HANDLER_GEAR_CMD_OUT,2,
5215067550,marker,PUB_MRM_HANDLER_EMERGENCY_HOLDING,0,
5215143000,marker,PATH_MRM_HANDLER_ON_TIMER_EXIT,1,
5232906244,marker,PATH_MRM_EMERGENCY_STOP_OPERATOR_ON_TIMER_ENTRY,2,
5232941350,marker,PUB_MRM_EMERGENCY_STOP_OPERATOR_EMERGENCY_CONTROL_CMD,2,
5233162725,marker,PUB_MRM_EMERGENCY_STOP_OPERATOR_STATUS,2,
5233394881,marker,PATH_MRM_EMERGENCY_STOP_OPERATOR_ON_TIMER_EXIT,2,
5233405256,marker,PATH_STOP_MODE_OPERATOR_ON_TIMER_ENTRY,0,
5233426269,marker,PUB_STOP_MODE_OPERATOR_CONTROL,0,
5233524094,marker,PUB_STOP_MODE_OPERATOR_GEAR,0,
5233605019,marker,PUB_STOP_MODE_OPERATOR_TURN_INDICATORS,1,
5233685725,marker,PUB_STOP_MODE_OPERATOR_HAZARD_LIGHTS,1,
5233759156,marker,PATH_STOP_MODE_OPERATOR_ON_TIMER_EXIT,0,
5261781812,marker,PATH_MRM_EMERGENCY_STOP_OPERATOR_ON_TIMER_ENTRY,2,
5261878956,marker,PUB_MRM_EMERGENCY_STOP_OPERATOR_EMERGENCY_CONTROL_CMD,2,
5262518475,marker,PUB_MRM_EMERGENCY_STOP_OPERATOR_STATUS,2,
5263187681,marker,PATH_MRM_EMERGENCY_STOP_OPERATOR_ON_TIMER_EXIT,2,
5263210644,marker,PATH_STOP_MODE_OPERATOR_ON_TIMER_ENTRY,0,
5263265256,marker,PUB_STOP_MODE_OPERATOR_CONTROL,0,
5263545631,marker,PUB_STOP_MODE_OPERATOR_GEAR,0,
5263774637,marker,PUB_STOP_MODE_OPERATOR_TURN_INDICATORS,1,
5264010425,marker,PUB_STOP_MODE_OPERATOR_HAZARD_LIGHTS,1,
5264217300,marker,PATH_STOP_MODE_OPERATOR_ON_TIMER_EXIT,0,
5295667550,marker,PATH_MRM_EMERGENCY_STOP_OPERATOR_ON_TIMER_ENTRY,2,
5295702962,marker,PUB_MRM_EMERGENCY_STOP_OPERATOR_EMERGENCY_CONTROL_CMD,2,
5295926281,marker,PUB_MRM_EMERGENCY_STOP_OPERATOR_STATUS,2,
5296160531,marker,PATH_MRM_EMERGENCY_STOP_OPERATOR_ON_TIMER_EXIT,2,
5296170587,marker,PATH_STOP_MODE_OPERATOR_ON_TIMER_ENTRY,0,
5296191250,marker,PUB_STOP_MODE_OPERATOR_CONTROL,0,
5296287656,marker,PUB_STOP_MODE_OPERATOR_GEAR,0,
5296368494,marker,PUB_STOP_MODE_OPERATOR_TURN_INDICATORS,1,
5296448094,marker,PUB_STOP_MODE_OPERATOR_HAZARD_LIGHTS,1,
5296522162,marker,PATH_STOP_MODE_OPERATOR_ON_TIMER_EXIT,0,
5299621287,heartbeat,,52,5300
5313791812,marker,PATH_MRM_COMFORTABLE_STOP_OPERATOR_ON_TIMER_ENTRY,1,
5313804600,marker,PUB_MRM_COMFORTABLE_STOP_OPERATOR_STATUS,1,
5314041912,marker,PATH_MRM_COMFORTABLE_STOP_OPERATOR_ON_TIMER_EXIT,1,
5314120356,marker,PATH_MRM_HANDLER_ON_TIMER_ENTRY,2,
5314138981,marker,PATH_MRM_HANDLER_CALL_MRM_ENTRY,2,
5314152150,marker,PUB_MRM_HANDLER_MRM_STATE,131074,
5314351956,marker,PATH_MRM_HANDLER_CALL_MRM_EXIT,2,
5314364806,marker,PUB_MRM_HANDLER_TURN_INDICATORS_CMD,1,
